postURL,postId,goodNum,userId
http://www.instagram.com/p/BevUxs8gD7r/?taken-by=kanna_kloss,BevUxs8gD7r,48,kanna_kloss
http://www.instagram.com/p/BfOAUc5HMU6/?taken-by=kirakira575,BfOAUc5HMU6,778,kirakira575
http://www.instagram.com/p/BfQX_U_DjFH/?taken-by=kirakira575,BfQX_U_DjFH,627,kirakira575
http://www.instagram.com/p/BfYMbkOHSeb/?taken-by=sakibon69,BfYMbkOHSeb,"2,716",sakibon69
http://www.instagram.com/p/BfaGJveHOXh/?taken-by=sakibon69,BfaGJveHOXh,"1,271",sakibon69
http://www.instagram.com/p/BdkiBo2jsuH/?taken-by=kii__522,BdkiBo2jsuH,273,kii__522
http://www.instagram.com/p/BfDonrinTzI/?taken-by=1x8_maho,BfDonrinTzI,98,1x8_maho
http://www.instagram.com/p/BfHrVUcnSiN/?taken-by=1x8_maho,BfHrVUcnSiN,118,1x8_maho
http://www.instagram.com/p/BQsTyAjAe6g/?taken-by=yma12yui,BQsTyAjAe6g,49,yma12yui
http://www.instagram.com/p/BRV1ED4AMx5/?taken-by=yma12yui,BRV1ED4AMx5,43,yma12yui
http://www.instagram.com/p/BTJCcxWg5pd/?taken-by=yma12yui,BTJCcxWg5pd,46,yma12yui
http://www.instagram.com/p/BT37-6Xg2lq/?taken-by=yma12yui,BT37-6Xg2lq,46,yma12yui
http://www.instagram.com/p/BfQs9hGB1Ml/?taken-by=garland.shiho,BfQs9hGB1Ml,94,garland.shiho
http://www.instagram.com/p/BcvwBkfDgRX/?taken-by=____riee,BcvwBkfDgRX,"4,188",____riee
http://www.instagram.com/p/BeiCECbl47e/?taken-by=pekotampe__,BeiCECbl47e,250,pekotampe__
http://www.instagram.com/p/BenXv9djdIi/?taken-by=pekotampe__,BenXv9djdIi,231,pekotampe__
http://www.instagram.com/p/BfNPbdRHZ3b/?taken-by=vmira0306,BfNPbdRHZ3b,324,vmira0306
http://www.instagram.com/p/BfOMm6dHFlQ/?taken-by=vmira0306,BfOMm6dHFlQ,473,vmira0306
http://www.instagram.com/p/BfQnXQCn7Ej/?taken-by=vmira0306,BfQnXQCn7Ej,475,vmira0306
http://www.instagram.com/p/BfTdHOinTzW/?taken-by=vmira0306,BfTdHOinTzW,476,vmira0306
http://www.instagram.com/p/BfatIWLHt5Y/?taken-by=vmira0306,BfatIWLHt5Y,384,vmira0306
http://www.instagram.com/p/BfdCvp6nibz/?taken-by=vmira0306,BfdCvp6nibz,451,vmira0306
http://www.instagram.com/p/BffmEUxHBV2/?taken-by=vmira0306,BffmEUxHBV2,321,vmira0306
http://www.instagram.com/p/Bfh81kPHTC3/?taken-by=vmira0306,Bfh81kPHTC3,506,vmira0306
http://www.instagram.com/p/BflJaRQnvrf/?taken-by=vmira0306,BflJaRQnvrf,627,vmira0306
http://www.instagram.com/p/BfnKbrAHg0K/?taken-by=vmira0306,BfnKbrAHg0K,505,vmira0306
http://www.instagram.com/p/BfpSkOyH-zl/?taken-by=vmira0306,BfpSkOyH-zl,341,vmira0306
http://www.instagram.com/p/BftAJMUHxjd/?taken-by=vmira0306,BftAJMUHxjd,368,vmira0306
http://www.instagram.com/p/BergBTijAkk/?taken-by=pekotampe__,BergBTijAkk,217,pekotampe__
http://www.instagram.com/p/BewbhbGj1N2/?taken-by=pekotampe__,BewbhbGj1N2,406,pekotampe__
http://www.instagram.com/p/Be-i7mEj0c0/?taken-by=pekotampe__,Be-i7mEj0c0,199,pekotampe__
http://www.instagram.com/p/BfDTe9SjpSs/?taken-by=pekotampe__,BfDTe9SjpSs,181,pekotampe__
http://www.instagram.com/p/BfDxyiyjCvP/?taken-by=pekotampe__,BfDxyiyjCvP,307,pekotampe__
http://www.instagram.com/p/BfHwl0EDgR7/?taken-by=pekotampe__,BfHwl0EDgR7,201,pekotampe__
http://www.instagram.com/p/BfP6FPdDKez/?taken-by=pekotampe__,BfP6FPdDKez,182,pekotampe__
http://www.instagram.com/p/BfdajqzD3dn/?taken-by=pekotampe__,BfdajqzD3dn,130,pekotampe__
http://www.instagram.com/p/Bfe7wrbDZJ4/?taken-by=pekotampe__,Bfe7wrbDZJ4,204,pekotampe__
http://www.instagram.com/p/BfgKC7dD3gV/?taken-by=pekotampe__,BfgKC7dD3gV,263,pekotampe__
http://www.instagram.com/p/Bc05U5zjUWJ/?taken-by=____riee,Bc05U5zjUWJ,"4,948",____riee
http://www.instagram.com/p/Bc6jk8zDIfd/?taken-by=____riee,Bc6jk8zDIfd,"2,409",____riee
http://www.instagram.com/p/BdCOytnDiQD/?taken-by=____riee,BdCOytnDiQD,"1,625",____riee
http://www.instagram.com/p/BdHiIsvDFUD/?taken-by=____riee,BdHiIsvDFUD,"3,131",____riee
http://www.instagram.com/p/BduLwWIja1c/?taken-by=____riee,BduLwWIja1c,"2,885",____riee
http://www.instagram.com/p/Bd4f0AHDI4O/?taken-by=____riee,Bd4f0AHDI4O,"2,059",____riee
http://www.instagram.com/p/Bd4f1t1Dfr3/?taken-by=____riee,Bd4f1t1Dfr3,"1,249",____riee
http://www.instagram.com/p/Bd6r3gqj7gJ/?taken-by=____riee,Bd6r3gqj7gJ,"4,254",____riee
http://www.instagram.com/p/BeCyAmiDjDo/?taken-by=____riee,BeCyAmiDjDo,"3,552",____riee
http://www.instagram.com/p/BeepK4wDlaJ/?taken-by=____riee,BeepK4wDlaJ,"6,375",____riee
http://www.instagram.com/p/BfiOXGhjl1b/?taken-by=____riee,BfiOXGhjl1b,"1,966",____riee
http://www.instagram.com/p/BfXGN5sBf9z/?taken-by=garland.shiho,BfXGN5sBf9z,54,garland.shiho
http://www.instagram.com/p/Bfa8mDvhEOV/?taken-by=garland.shiho,Bfa8mDvhEOV,,garland.shiho
http://www.instagram.com/p/BfcIt40hOsC/?taken-by=garland.shiho,BfcIt40hOsC,51,garland.shiho
http://www.instagram.com/p/Bfdea1OBwG0/?taken-by=garland.shiho,Bfdea1OBwG0,,garland.shiho
http://www.instagram.com/p/Bffxuu7h9gT/?taken-by=garland.shiho,Bffxuu7h9gT,64,garland.shiho
http://www.instagram.com/p/BfitFeFhQPV/?taken-by=garland.shiho,BfitFeFhQPV,,garland.shiho
http://www.instagram.com/p/Bfoqv6OBOU-/?taken-by=garland.shiho,Bfoqv6OBOU-,85,garland.shiho
http://www.instagram.com/p/BfqJJX2B_8v/?taken-by=garland.shiho,BfqJJX2B_8v,83,garland.shiho
http://www.instagram.com/p/Bfrf1FjBi7m/?taken-by=garland.shiho,Bfrf1FjBi7m,57,garland.shiho
http://www.instagram.com/p/Bfs36eUh6r0/?taken-by=garland.shiho,Bfs36eUh6r0,75,garland.shiho
http://www.instagram.com/p/Bft56aVh6uV/?taken-by=garland.shiho,Bft56aVh6uV,41,garland.shiho
http://www.instagram.com/p/BUhD4TkgJXn/?taken-by=yma12yui,BUhD4TkgJXn,72,yma12yui
http://www.instagram.com/p/BUopPJOgvPC/?taken-by=yma12yui,BUopPJOgvPC,59,yma12yui
http://www.instagram.com/p/BWwkCPgAiOU/?taken-by=yma12yui,BWwkCPgAiOU,33,yma12yui
http://www.instagram.com/p/BaRMBL7nLps/?taken-by=yma12yui,BaRMBL7nLps,68,yma12yui
http://www.instagram.com/p/BdFe3EXHeJH/?taken-by=yma12yui,BdFe3EXHeJH,56,yma12yui
http://www.instagram.com/p/BdYOTZCHR90/?taken-by=yma12yui,BdYOTZCHR90,77,yma12yui
http://www.instagram.com/p/Bdod6vjgQpO/?taken-by=yma12yui,Bdod6vjgQpO,59,yma12yui
http://www.instagram.com/p/BfQmFvfnTuO/?taken-by=yma12yui,BfQmFvfnTuO,60,yma12yui
http://www.instagram.com/p/BfKOKbxnavZ/?taken-by=1x8_maho,BfKOKbxnavZ,152,1x8_maho
http://www.instagram.com/p/BfVRXjwH4Au/?taken-by=1x8_maho,BfVRXjwH4Au,138,1x8_maho
http://www.instagram.com/p/BfYWXXVnCWU/?taken-by=1x8_maho,BfYWXXVnCWU,228,1x8_maho
http://www.instagram.com/p/Bfclk8DHN60/?taken-by=1x8_maho,Bfclk8DHN60,143,1x8_maho
http://www.instagram.com/p/BfeuwEGHowR/?taken-by=1x8_maho,BfeuwEGHowR,117,1x8_maho
http://www.instagram.com/p/BfkveRKn-rA/?taken-by=1x8_maho,BfkveRKn-rA,291,1x8_maho
http://www.instagram.com/p/BfnafSTH5Rp/?taken-by=1x8_maho,BfnafSTH5Rp,209,1x8_maho
http://www.instagram.com/p/BfqgmnjH02l/?taken-by=1x8_maho,BfqgmnjH02l,115,1x8_maho
http://www.instagram.com/p/BfrsgBlnkJK/?taken-by=1x8_maho,BfrsgBlnkJK,173,1x8_maho
http://www.instagram.com/p/BftPcwgncuK/?taken-by=1x8_maho,BftPcwgncuK,95,1x8_maho
http://www.instagram.com/p/BeYQAAcjDat/?taken-by=kii__522,BeYQAAcjDat,193,kii__522
http://www.instagram.com/p/Bek0M7vhY3H/?taken-by=kii__522,Bek0M7vhY3H,132,kii__522
http://www.instagram.com/p/BexhYwojOXU/?taken-by=kii__522,BexhYwojOXU,123,kii__522
http://www.instagram.com/p/Be-v7c3jeK1/?taken-by=kii__522,Be-v7c3jeK1,202,kii__522
http://www.instagram.com/p/BfDlWqAjq89/?taken-by=kii__522,BfDlWqAjq89,140,kii__522
http://www.instagram.com/p/BfEDWlbjBU3/?taken-by=kii__522,BfEDWlbjBU3,220,kii__522
http://www.instagram.com/p/BfQ5KOvBD5Q/?taken-by=kii__522,BfQ5KOvBD5Q,173,kii__522
http://www.instagram.com/p/Bfe3xRMDaP9/?taken-by=kii__522,Bfe3xRMDaP9,121,kii__522
http://www.instagram.com/p/BfgPc5KDfnw/?taken-by=kii__522,BfgPc5KDfnw,180,kii__522
http://www.instagram.com/p/BflUkNrDo8E/?taken-by=kii__522,BflUkNrDo8E,195,kii__522
http://www.instagram.com/p/BfqSRf0jOUg/?taken-by=kii__522,BfqSRf0jOUg,158,kii__522
http://www.instagram.com/p/Bfapkkanz0U/?taken-by=sakibon69,Bfapkkanz0U,"1,142",sakibon69
http://www.instagram.com/p/BfaqnGdHtNv/?taken-by=sakibon69,BfaqnGdHtNv,"1,638",sakibon69
http://www.instagram.com/p/Bfi-N5zHIV9/?taken-by=sakibon69,Bfi-N5zHIV9,"2,848",sakibon69
http://www.instagram.com/p/Bfi-_H3nZZ9/?taken-by=sakibon69,Bfi-_H3nZZ9,"3,374",sakibon69
http://www.instagram.com/p/Bfmipo7nwRh/?taken-by=sakibon69,Bfmipo7nwRh,442,sakibon69
http://www.instagram.com/p/BfmjgS6H2Mk/?taken-by=sakibon69,BfmjgS6H2Mk,"1,310",sakibon69
http://www.instagram.com/p/BfnOchcntLF/?taken-by=sakibon69,BfnOchcntLF,"1,156",sakibon69
http://www.instagram.com/p/BfqNVIFHQrv/?taken-by=sakibon69,BfqNVIFHQrv,"1,474",sakibon69
http://www.instagram.com/p/BfqN1y1HY6D/?taken-by=sakibon69,BfqN1y1HY6D,"1,416",sakibon69
http://www.instagram.com/p/Bfsrvg-nw74/?taken-by=sakibon69,Bfsrvg-nw74,"1,519",sakibon69
http://www.instagram.com/p/BfVjc1fDtaj/?taken-by=kirakira575,BfVjc1fDtaj,802,kirakira575
http://www.instagram.com/p/BfYOLyTjFkL/?taken-by=kirakira575,BfYOLyTjFkL,566,kirakira575
http://www.instagram.com/p/BfdQp3OjXPj/?taken-by=kirakira575,BfdQp3OjXPj,488,kirakira575
http://www.instagram.com/p/BffgAqoDFhi/?taken-by=kirakira575,BffgAqoDFhi,878,kirakira575
http://www.instagram.com/p/BfgDkG2DMsf/?taken-by=kirakira575,BfgDkG2DMsf,498,kirakira575
http://www.instagram.com/p/BfiAW3jjGQ9/?taken-by=kirakira575,BfiAW3jjGQ9,390,kirakira575
http://www.instagram.com/p/BfinE_hDS9h/?taken-by=kirakira575,BfinE_hDS9h,506,kirakira575
http://www.instagram.com/p/Bfj3WFvDXML/?taken-by=kirakira575,Bfj3WFvDXML,514,kirakira575
http://www.instagram.com/p/BfqP6qRj0pN/?taken-by=kirakira575,BfqP6qRj0pN,435,kirakira575
http://www.instagram.com/p/Bfs1nRwDBSQ/?taken-by=kirakira575,Bfs1nRwDBSQ,351,kirakira575
http://www.instagram.com/p/Be5dVu6ghKg/?taken-by=kanna_kloss,Be5dVu6ghKg,29,kanna_kloss
http://www.instagram.com/p/Be-uo2QAjjx/?taken-by=kanna_kloss,Be-uo2QAjjx,55,kanna_kloss
http://www.instagram.com/p/BfBVySRgCKU/?taken-by=kanna_kloss,BfBVySRgCKU,16,kanna_kloss
http://www.instagram.com/p/BfBYYv0g5J1/?taken-by=kanna_kloss,BfBYYv0g5J1,32,kanna_kloss
http://www.instagram.com/p/BfLKCcbgD0j/?taken-by=kanna_kloss,BfLKCcbgD0j,44,kanna_kloss
http://www.instagram.com/p/BflQ69ogonm/?taken-by=kanna_kloss,BflQ69ogonm,35,kanna_kloss
http://www.instagram.com/p/BflRNybgFf1/?taken-by=kanna_kloss,BflRNybgFf1,32,kanna_kloss
http://www.instagram.com/p/BflRkYUATsC/?taken-by=kanna_kloss,BflRkYUATsC,39,kanna_kloss
http://www.instagram.com/p/Bfqw2hugJhi/?taken-by=kanna_kloss,Bfqw2hugJhi,35,kanna_kloss
http://www.instagram.com/p/BfqxS3qASqX/?taken-by=kanna_kloss,BfqxS3qASqX,41,kanna_kloss
http://www.instagram.com/p/Bfqxzs4A87I/?taken-by=kanna_kloss,Bfqxzs4A87I,27,kanna_kloss
http://www.instagram.com/p/BfSsMKyh7Ja/?taken-by=pipilovepink,BfSsMKyh7Ja,706,pipilovepink
http://www.instagram.com/p/Bfac5_ihhkU/?taken-by=hazuki.nkjm,Bfac5_ihhkU,578,hazuki.nkjm
http://www.instagram.com/p/BfSYZe-h9tH/?taken-by=chikako_2678,BfSYZe-h9tH,61,chikako_2678
http://www.instagram.com/p/BfTbWwmBx57/?taken-by=chikako_2678,BfTbWwmBx57,,chikako_2678
http://www.instagram.com/p/BfTg7DihpQR/?taken-by=chikako_2678,BfTg7DihpQR,84,chikako_2678
http://www.instagram.com/p/BcPNtXyBOW9/?taken-by=aya_0825,BcPNtXyBOW9,194,aya_0825
http://www.instagram.com/p/BehWvShHKwq/?taken-by=aska_1031,BehWvShHKwq,130,aska_1031
http://www.instagram.com/p/Bcm1YvFgYkm/?taken-by=okechan__1,Bcm1YvFgYkm,190,okechan__1
http://www.instagram.com/p/BfDvaH8hKXs/?taken-by=yuna_ebs,BfDvaH8hKXs,84,yuna_ebs
http://www.instagram.com/p/BdkXVZ0lk-O/?taken-by=_yuuki6v6,BdkXVZ0lk-O,34,_yuuki6v6
http://www.instagram.com/p/BdmpbE8ldE2/?taken-by=_yuuki6v6,BdmpbE8ldE2,156,_yuuki6v6
http://www.instagram.com/p/BeLYY7_n7_q/?taken-by=sweet_____moon,BeLYY7_n7_q,19,sweet_____moon
http://www.instagram.com/p/Be0LLSEHa30/?taken-by=sweet_____moon,Be0LLSEHa30,125,sweet_____moon
http://www.instagram.com/p/BfAu-ZygwL9/?taken-by=ayane_pipi,BfAu-ZygwL9,50,ayane_pipi
http://www.instagram.com/p/Be_24oal4yj/?taken-by=haru__2206,Be_24oal4yj,152,haru__2206
http://www.instagram.com/p/BeaoelHFyZi/?taken-by=micarose_925,BeaoelHFyZi,432,micarose_925
http://www.instagram.com/p/Be2aDGYgsPO/?taken-by=12.uuuk,Be2aDGYgsPO,310,12.uuuk
http://www.instagram.com/p/Be5pKOLAIKG/?taken-by=12.uuuk,Be5pKOLAIKG,208,12.uuuk
http://www.instagram.com/p/Be6j6udAREc/?taken-by=12.uuuk,Be6j6udAREc,287,12.uuuk
http://www.instagram.com/p/Be9JUXhAj-n/?taken-by=12.uuuk,Be9JUXhAj-n,246,12.uuuk
http://www.instagram.com/p/BfBBkkDg3TG/?taken-by=12.uuuk,BfBBkkDg3TG,202,12.uuuk
http://www.instagram.com/p/BfDvTcvA6HH/?taken-by=12.uuuk,BfDvTcvA6HH,176,12.uuuk
http://www.instagram.com/p/BfFYzAlAACk/?taken-by=12.uuuk,BfFYzAlAACk,118,12.uuuk
http://www.instagram.com/p/BfJCmQlgDrK/?taken-by=12.uuuk,BfJCmQlgDrK,185,12.uuuk
http://www.instagram.com/p/BfLCaQyAkuH/?taken-by=12.uuuk,BfLCaQyAkuH,217,12.uuuk
http://www.instagram.com/p/BfN2zd8gK-2/?taken-by=12.uuuk,BfN2zd8gK-2,266,12.uuuk
http://www.instagram.com/p/BfYN5RFARUy/?taken-by=12.uuuk,BfYN5RFARUy,130,12.uuuk
http://www.instagram.com/p/BfhMypTARtQ/?taken-by=12.uuuk,BfhMypTARtQ,172,12.uuuk
http://www.instagram.com/p/BeiJX9vFKm1/?taken-by=micarose_925,BeiJX9vFKm1,719,micarose_925
http://www.instagram.com/p/BekqCxElkh6/?taken-by=micarose_925,BekqCxElkh6,413,micarose_925
http://www.instagram.com/p/BenYqlLF0hW/?taken-by=micarose_925,BenYqlLF0hW,419,micarose_925
http://www.instagram.com/p/BeuBtrSlLgB/?taken-by=micarose_925,BeuBtrSlLgB,504,micarose_925
http://www.instagram.com/p/Be2oRiDFvHk/?taken-by=micarose_925,Be2oRiDFvHk,264,micarose_925
http://www.instagram.com/p/Be-F-sdlGsl/?taken-by=micarose_925,Be-F-sdlGsl,231,micarose_925
http://www.instagram.com/p/Be-rbLbFX8H/?taken-by=micarose_925,Be-rbLbFX8H,443,micarose_925
http://www.instagram.com/p/BfHz0nWle8X/?taken-by=micarose_925,BfHz0nWle8X,352,micarose_925
http://www.instagram.com/p/BfYMgZflWWy/?taken-by=micarose_925,BfYMgZflWWy,556,micarose_925
http://www.instagram.com/p/Bfa6nVkl-b9/?taken-by=micarose_925,Bfa6nVkl-b9,293,micarose_925
http://www.instagram.com/p/BfszKLnlEno/?taken-by=micarose_925,BfszKLnlEno,228,micarose_925
http://www.instagram.com/p/BfBEjaHFaif/?taken-by=haru__2206,BfBEjaHFaif,100,haru__2206
http://www.instagram.com/p/BfGkDb8lOj9/?taken-by=haru__2206,BfGkDb8lOj9,132,haru__2206
http://www.instagram.com/p/BfH77oYFwvQ/?taken-by=haru__2206,BfH77oYFwvQ,125,haru__2206
http://www.instagram.com/p/BfMsRU_FHnF/?taken-by=haru__2206,BfMsRU_FHnF,376,haru__2206
http://www.instagram.com/p/BfP-ZnvFDn8/?taken-by=haru__2206,BfP-ZnvFDn8,91,haru__2206
http://www.instagram.com/p/BfVFo_EFQzQ/?taken-by=haru__2206,BfVFo_EFQzQ,66,haru__2206
http://www.instagram.com/p/BfckLMFFPx_/?taken-by=haru__2206,BfckLMFFPx_,146,haru__2206
http://www.instagram.com/p/Bfjwog7l6zf/?taken-by=haru__2206,Bfjwog7l6zf,92,haru__2206
http://www.instagram.com/p/BflZCN4FAm4/?taken-by=haru__2206,BflZCN4FAm4,172,haru__2206
http://www.instagram.com/p/BfmWzkYFAHV/?taken-by=haru__2206,BfmWzkYFAHV,76,haru__2206
http://www.instagram.com/p/BfqUNd3FwuU/?taken-by=haru__2206,BfqUNd3FwuU,104,haru__2206
http://www.instagram.com/p/BfBVBuAgHM4/?taken-by=ayane_pipi,BfBVBuAgHM4,41,ayane_pipi
http://www.instagram.com/p/BfChLKngEht/?taken-by=ayane_pipi,BfChLKngEht,,ayane_pipi
http://www.instagram.com/p/BfH4yBbAhFP/?taken-by=ayane_pipi,BfH4yBbAhFP,34,ayane_pipi
http://www.instagram.com/p/BfKeie0gHkR/?taken-by=ayane_pipi,BfKeie0gHkR,29,ayane_pipi
http://www.instagram.com/p/BfVeV0fAPxX/?taken-by=ayane_pipi,BfVeV0fAPxX,41,ayane_pipi
http://www.instagram.com/p/BfmenuGg63W/?taken-by=ayane_pipi,BfmenuGg63W,65,ayane_pipi
http://www.instagram.com/p/Bfm4lADg1Y2/?taken-by=ayane_pipi,Bfm4lADg1Y2,38,ayane_pipi
http://www.instagram.com/p/BfnhkIHAAl-/?taken-by=ayane_pipi,BfnhkIHAAl-,43,ayane_pipi
http://www.instagram.com/p/Bfp3mqFAN8Z/?taken-by=ayane_pipi,Bfp3mqFAN8Z,54,ayane_pipi
http://www.instagram.com/p/BfqLbiRAQoh/?taken-by=ayane_pipi,BfqLbiRAQoh,51,ayane_pipi
http://www.instagram.com/p/Bfsk6eqgFWy/?taken-by=ayane_pipi,Bfsk6eqgFWy,42,ayane_pipi
http://www.instagram.com/p/Be0LpDinIQb/?taken-by=sweet_____moon,Be0LpDinIQb,344,sweet_____moon
http://www.instagram.com/p/Be0NGnBnvp8/?taken-by=sweet_____moon,Be0NGnBnvp8,55,sweet_____moon
http://www.instagram.com/p/Be0PWwinDvK/?taken-by=sweet_____moon,Be0PWwinDvK,52,sweet_____moon
http://www.instagram.com/p/Be0SD7AHlAi/?taken-by=sweet_____moon,Be0SD7AHlAi,48,sweet_____moon
http://www.instagram.com/p/Be5EvkeH7Kf/?taken-by=sweet_____moon,Be5EvkeH7Kf,417,sweet_____moon
http://www.instagram.com/p/BfA9NvmHO6c/?taken-by=sweet_____moon,BfA9NvmHO6c,233,sweet_____moon
http://www.instagram.com/p/BfA9wgpnJpW/?taken-by=sweet_____moon,BfA9wgpnJpW,106,sweet_____moon
http://www.instagram.com/p/BfVW_x8nDuk/?taken-by=sweet_____moon,BfVW_x8nDuk,30,sweet_____moon
http://www.instagram.com/p/BfVqPCSHpMR/?taken-by=sweet_____moon,BfVqPCSHpMR,61,sweet_____moon
http://www.instagram.com/p/BflF3x9HJ4o/?taken-by=sweet_____moon,BflF3x9HJ4o,48,sweet_____moon
http://www.instagram.com/p/BduiZ2rFlyU/?taken-by=_yuuki6v6,BduiZ2rFlyU,74,_yuuki6v6
http://www.instagram.com/p/BeDG-v9l7E1/?taken-by=_yuuki6v6,BeDG-v9l7E1,70,_yuuki6v6
http://www.instagram.com/p/BePj0cUli3i/?taken-by=_yuuki6v6,BePj0cUli3i,37,_yuuki6v6
http://www.instagram.com/p/BekqdjQFKbt/?taken-by=_yuuki6v6,BekqdjQFKbt,45,_yuuki6v6
http://www.instagram.com/p/Be7vIsdBnDY/?taken-by=_yuuki6v6,Be7vIsdBnDY,42,_yuuki6v6
http://www.instagram.com/p/BfDAN2xBncN/?taken-by=_yuuki6v6,BfDAN2xBncN,52,_yuuki6v6
http://www.instagram.com/p/BfImnSZBXa_/?taken-by=_yuuki6v6,BfImnSZBXa_,45,_yuuki6v6
http://www.instagram.com/p/BfQ5jsTBGfn/?taken-by=_yuuki6v6,BfQ5jsTBGfn,64,_yuuki6v6
http://www.instagram.com/p/BfTbZigBNlG/?taken-by=_yuuki6v6,BfTbZigBNlG,53,_yuuki6v6
http://www.instagram.com/p/BfgJ_vbhN1Y/?taken-by=_yuuki6v6,BfgJ_vbhN1Y,33,_yuuki6v6
http://www.instagram.com/p/BfIsBL1Bn9F/?taken-by=yuna_ebs,BfIsBL1Bn9F,83,yuna_ebs
http://www.instagram.com/p/BfS_molBYug/?taken-by=yuna_ebs,BfS_molBYug,51,yuna_ebs
http://www.instagram.com/p/BfVrcUiBx1x/?taken-by=yuna_ebs,BfVrcUiBx1x,53,yuna_ebs
http://www.instagram.com/p/BfVusmYBraX/?taken-by=yuna_ebs,BfVusmYBraX,44,yuna_ebs
http://www.instagram.com/p/BfX1ycThQsU/?taken-by=yuna_ebs,BfX1ycThQsU,51,yuna_ebs
http://www.instagram.com/p/BfYEOTAhwPK/?taken-by=yuna_ebs,BfYEOTAhwPK,47,yuna_ebs
http://www.instagram.com/p/BfYN86cBa0f/?taken-by=yuna_ebs,BfYN86cBa0f,50,yuna_ebs
http://www.instagram.com/p/Bfaw989hOg5/?taken-by=yuna_ebs,Bfaw989hOg5,57,yuna_ebs
http://www.instagram.com/p/BfgGXeVh9uP/?taken-by=yuna_ebs,BfgGXeVh9uP,63,yuna_ebs
http://www.instagram.com/p/BfnhrW-BQI2/?taken-by=yuna_ebs,BfnhrW-BQI2,48,yuna_ebs
http://www.instagram.com/p/BfqQpZpB_Zn/?taken-by=yuna_ebs,BfqQpZpB_Zn,57,yuna_ebs
http://www.instagram.com/p/BcrdbaEgARj/?taken-by=okechan__1,BcrdbaEgARj,215,okechan__1
http://www.instagram.com/p/BctxNROA5d1/?taken-by=okechan__1,BctxNROA5d1,207,okechan__1
http://www.instagram.com/p/BdOvfphg2E1/?taken-by=okechan__1,BdOvfphg2E1,129,okechan__1
http://www.instagram.com/p/BdebVLTgsRg/?taken-by=okechan__1,BdebVLTgsRg,152,okechan__1
http://www.instagram.com/p/BeGBHxCgGck/?taken-by=okechan__1,BeGBHxCgGck,250,okechan__1
http://www.instagram.com/p/BeJ7uVkAH3r/?taken-by=okechan__1,BeJ7uVkAH3r,225,okechan__1
http://www.instagram.com/p/BeqHwepAMC4/?taken-by=okechan__1,BeqHwepAMC4,179,okechan__1
http://www.instagram.com/p/BfQ3653gVzR/?taken-by=okechan__1,BfQ3653gVzR,160,okechan__1
http://www.instagram.com/p/BfVSWQYACJf/?taken-by=okechan__1,BfVSWQYACJf,190,okechan__1
http://www.instagram.com/p/Bfi7h7cgimY/?taken-by=okechan__1,Bfi7h7cgimY,229,okechan__1
http://www.instagram.com/p/Bfqaw4JAIMu/?taken-by=okechan__1,Bfqaw4JAIMu,179,okechan__1
http://www.instagram.com/p/Bej-V3jHVGA/?taken-by=aska_1031,Bej-V3jHVGA,161,aska_1031
http://www.instagram.com/p/BenfaW2HAGw/?taken-by=aska_1031,BenfaW2HAGw,88,aska_1031
http://www.instagram.com/p/BexcJFnnqSS/?taken-by=aska_1031,BexcJFnnqSS,108,aska_1031
http://www.instagram.com/p/Be2PMkPnLy7/?taken-by=aska_1031,Be2PMkPnLy7,112,aska_1031
http://www.instagram.com/p/BfCpLUdnSd_/?taken-by=aska_1031,BfCpLUdnSd_,153,aska_1031
http://www.instagram.com/p/BfLh5bhnedU/?taken-by=aska_1031,BfLh5bhnedU,149,aska_1031
http://www.instagram.com/p/BfSjCzGHBXb/?taken-by=aska_1031,BfSjCzGHBXb,101,aska_1031
http://www.instagram.com/p/BffQpL4nZQF/?taken-by=aska_1031,BffQpL4nZQF,113,aska_1031
http://www.instagram.com/p/BfnFqffnlJx/?taken-by=aska_1031,BfnFqffnlJx,110,aska_1031
http://www.instagram.com/p/Bfo-axUHUYT/?taken-by=aska_1031,Bfo-axUHUYT,98,aska_1031
http://www.instagram.com/p/BftDaRCHs8c/?taken-by=aska_1031,BftDaRCHs8c,80,aska_1031
http://www.instagram.com/p/Bcl7ox7hkTw/?taken-by=aya_0825,Bcl7ox7hkTw,257,aya_0825
http://www.instagram.com/p/BdXWcZOhe_I/?taken-by=aya_0825,BdXWcZOhe_I,267,aya_0825
http://www.instagram.com/p/BdZ1BN-BL4W/?taken-by=aya_0825,BdZ1BN-BL4W,242,aya_0825
http://www.instagram.com/p/BdsE1qGB9zI/?taken-by=aya_0825,BdsE1qGB9zI,311,aya_0825
http://www.instagram.com/p/Bdt3eCMh_BN/?taken-by=aya_0825,Bdt3eCMh_BN,188,aya_0825
http://www.instagram.com/p/BdxJyHDhFss/?taken-by=aya_0825,BdxJyHDhFss,309,aya_0825
http://www.instagram.com/p/Bd7ATZqBSjF/?taken-by=aya_0825,Bd7ATZqBSjF,215,aya_0825
http://www.instagram.com/p/BeK19Qdhweb/?taken-by=aya_0825,BeK19Qdhweb,232,aya_0825
http://www.instagram.com/p/Bez1z9qhsPb/?taken-by=aya_0825,Bez1z9qhsPb,226,aya_0825
http://www.instagram.com/p/Be7_2vph21K/?taken-by=aya_0825,Be7_2vph21K,219,aya_0825
http://www.instagram.com/p/BflHdn0BiVx/?taken-by=aya_0825,BflHdn0BiVx,176,aya_0825
http://www.instagram.com/p/BfThS1IhFdJ/?taken-by=chikako_2678,BfThS1IhFdJ,,chikako_2678
http://www.instagram.com/p/BfUbdaHBa6R/?taken-by=chikako_2678,BfUbdaHBa6R,84,chikako_2678
http://www.instagram.com/p/BfZndjhh4Q5/?taken-by=chikako_2678,BfZndjhh4Q5,80,chikako_2678
http://www.instagram.com/p/BfZp21MhsLi/?taken-by=chikako_2678,BfZp21MhsLi,85,chikako_2678
http://www.instagram.com/p/Bfdr6jbBuzJ/?taken-by=chikako_2678,Bfdr6jbBuzJ,,chikako_2678
http://www.instagram.com/p/BffOBVwBN0o/?taken-by=chikako_2678,BffOBVwBN0o,80,chikako_2678
http://www.instagram.com/p/BfkZu8DBbHA/?taken-by=chikako_2678,BfkZu8DBbHA,12,chikako_2678
http://www.instagram.com/p/BfkiQe-hOhU/?taken-by=chikako_2678,BfkiQe-hOhU,,chikako_2678
http://www.instagram.com/p/Bfn8_9rhENe/?taken-by=chikako_2678,Bfn8_9rhENe,88,chikako_2678
http://www.instagram.com/p/BfcO27fhvV3/?taken-by=hazuki.nkjm,BfcO27fhvV3,607,hazuki.nkjm
http://www.instagram.com/p/BfdD05DhwOK/?taken-by=hazuki.nkjm,BfdD05DhwOK,446,hazuki.nkjm
http://www.instagram.com/p/Bfe-reoh_Rd/?taken-by=hazuki.nkjm,Bfe-reoh_Rd,539,hazuki.nkjm
http://www.instagram.com/p/Bfh1MiVBgHE/?taken-by=hazuki.nkjm,Bfh1MiVBgHE,451,hazuki.nkjm
http://www.instagram.com/p/BfiJhjihpgH/?taken-by=hazuki.nkjm,BfiJhjihpgH,384,hazuki.nkjm
http://www.instagram.com/p/BfkBY05Bj04/?taken-by=hazuki.nkjm,BfkBY05Bj04,466,hazuki.nkjm
http://www.instagram.com/p/Bfk0YIMBaDb/?taken-by=hazuki.nkjm,Bfk0YIMBaDb,506,hazuki.nkjm
http://www.instagram.com/p/Bfmk58ZBQQC/?taken-by=hazuki.nkjm,Bfmk58ZBQQC,562,hazuki.nkjm
http://www.instagram.com/p/BfpLlsJhfgF/?taken-by=hazuki.nkjm,BfpLlsJhfgF,511,hazuki.nkjm
http://www.instagram.com/p/BfqNYXKhKkM/?taken-by=hazuki.nkjm,BfqNYXKhKkM,473,hazuki.nkjm
http://www.instagram.com/p/BfrmYpTBvBE/?taken-by=hazuki.nkjm,BfrmYpTBvBE,371,hazuki.nkjm
http://www.instagram.com/p/BfVQ55BhIg5/?taken-by=pipilovepink,BfVQ55BhIg5,159,pipilovepink
http://www.instagram.com/p/BfVhPiDBmK5/?taken-by=pipilovepink,BfVhPiDBmK5,218,pipilovepink
http://www.instagram.com/p/BfX8aFfhrcA/?taken-by=pipilovepink,BfX8aFfhrcA,385,pipilovepink
http://www.instagram.com/p/Bfab4-OB09N/?taken-by=pipilovepink,Bfab4-OB09N,259,pipilovepink
http://www.instagram.com/p/BfdADa9hm2A/?taken-by=pipilovepink,BfdADa9hm2A,536,pipilovepink
http://www.instagram.com/p/BffkWRBhf4a/?taken-by=pipilovepink,BffkWRBhf4a,239,pipilovepink
http://www.instagram.com/p/BfiJc7EBBpT/?taken-by=pipilovepink,BfiJc7EBBpT,317,pipilovepink
http://www.instagram.com/p/BfkzABPhmmQ/?taken-by=pipilovepink,BfkzABPhmmQ,326,pipilovepink
http://www.instagram.com/p/Bfn0_m5hRbb/?taken-by=pipilovepink,Bfn0_m5hRbb,179,pipilovepink
http://www.instagram.com/p/Bfp71g3BZAo/?taken-by=pipilovepink,Bfp71g3BZAo,406,pipilovepink
http://www.instagram.com/p/Bfsia8_hSpi/?taken-by=pipilovepink,Bfsia8_hSpi,523,pipilovepink
http://www.instagram.com/p/BfWGV2SgpCC/?taken-by=lamourenrose.taka,BfWGV2SgpCC,212,lamourenrose.taka
http://www.instagram.com/p/BfSZ-tGhC_a/?taken-by=itoumei,BfSZ-tGhC_a,231,itoumei
http://www.instagram.com/p/BfVfCHQB8tI/?taken-by=itoumei,BfVfCHQB8tI,202,itoumei
http://www.instagram.com/p/BYQRwLzA1HQ/?taken-by=mion.t.0601,BYQRwLzA1HQ,,mion.t.0601
http://www.instagram.com/p/BYYFib4gkvV/?taken-by=mion.t.0601,BYYFib4gkvV,,mion.t.0601
http://www.instagram.com/p/BYiXIhXg8ny/?taken-by=mion.t.0601,BYiXIhXg8ny,,mion.t.0601
http://www.instagram.com/p/BfBG_i8AWSv/?taken-by=annakobe_,BfBG_i8AWSv,505,annakobe_
http://www.instagram.com/p/Bfad5BUDWbP/?taken-by=manatmnt0116,Bfad5BUDWbP,371,manatmnt0116
http://www.instagram.com/p/BfI9pBJHA31/?taken-by=kanaru_u,BfI9pBJHA31,32,kanaru_u
http://www.instagram.com/p/BfJGDUanzW7/?taken-by=kanaru_u,BfJGDUanzW7,26,kanaru_u
http://www.instagram.com/p/BfTHgg8hqv7/?taken-by=sylphide831,BfTHgg8hqv7,,sylphide831
http://www.instagram.com/p/BfU_QCyhn5X/?taken-by=sylphide831,BfU_QCyhn5X,33,sylphide831
http://www.instagram.com/p/BX-fXe1DvcI/?taken-by=yuka_x0v0x_,BX-fXe1DvcI,92,yuka_x0v0x_
http://www.instagram.com/p/BfktYPAANz2/?taken-by=iicecream_10,BfktYPAANz2,240,iicecream_10
http://www.instagram.com/p/Bfn0ffTg8hK/?taken-by=iicecream_10,Bfn0ffTg8hK,239,iicecream_10
http://www.instagram.com/p/BQs-LSWFk9i/?taken-by=shions_hobby,BQs-LSWFk9i,,shions_hobby
http://www.instagram.com/p/BRzeo73lXaw/?taken-by=shions_hobby,BRzeo73lXaw,,shions_hobby
http://www.instagram.com/p/BRzer9sFQ6V/?taken-by=shions_hobby,BRzer9sFQ6V,,shions_hobby
http://www.instagram.com/p/BUmojDkF2us/?taken-by=shions_hobby,BUmojDkF2us,,shions_hobby
http://www.instagram.com/p/BV_VYkwlLSn/?taken-by=shions_hobby,BV_VYkwlLSn,,shions_hobby
http://www.instagram.com/p/BWPwmWYFjT7/?taken-by=shions_hobby,BWPwmWYFjT7,,shions_hobby
http://www.instagram.com/p/BWe1IaLFZ7W/?taken-by=shions_hobby,BWe1IaLFZ7W,,shions_hobby
http://www.instagram.com/p/BWz3fmUlQce/?taken-by=shions_hobby,BWz3fmUlQce,,shions_hobby
http://www.instagram.com/p/BZOL5vcl2dW/?taken-by=shions_hobby,BZOL5vcl2dW,,shions_hobby
http://www.instagram.com/p/BZaiaDBlvWd/?taken-by=shions_hobby,BZaiaDBlvWd,,shions_hobby
http://www.instagram.com/p/Ba3UNbAFyXN/?taken-by=shions_hobby,Ba3UNbAFyXN,,shions_hobby
http://www.instagram.com/p/BeJfCEVgdMz/?taken-by=shions_hobby,BeJfCEVgdMz,,shions_hobby
http://www.instagram.com/p/Bfn1JnhgXkV/?taken-by=iicecream_10,Bfn1JnhgXkV,234,iicecream_10
http://www.instagram.com/p/Bfn14PagjaC/?taken-by=iicecream_10,Bfn14PagjaC,234,iicecream_10
http://www.instagram.com/p/Bfn2aEfAbh0/?taken-by=iicecream_10,Bfn2aEfAbh0,186,iicecream_10
http://www.instagram.com/p/Bfn3cGaAUHO/?taken-by=iicecream_10,Bfn3cGaAUHO,199,iicecream_10
http://www.instagram.com/p/Bfn4bKmgYcI/?taken-by=iicecream_10,Bfn4bKmgYcI,178,iicecream_10
http://www.instagram.com/p/Bfn5KEigoE8/?taken-by=iicecream_10,Bfn5KEigoE8,215,iicecream_10
http://www.instagram.com/p/Bfn6VH-gtFe/?taken-by=iicecream_10,Bfn6VH-gtFe,174,iicecream_10
http://www.instagram.com/p/Bfn7AgpAjwm/?taken-by=iicecream_10,Bfn7AgpAjwm,197,iicecream_10
http://www.instagram.com/p/BfpN948AbNf/?taken-by=iicecream_10,BfpN948AbNf,180,iicecream_10
http://www.instagram.com/p/BfsxBogALYt/?taken-by=iicecream_10,BfsxBogALYt,197,iicecream_10
http://www.instagram.com/p/BZqGATqDUpU/?taken-by=yuka_x0v0x_,BZqGATqDUpU,68,yuka_x0v0x_
http://www.instagram.com/p/BZsawewD9eg/?taken-by=yuka_x0v0x_,BZsawewD9eg,96,yuka_x0v0x_
http://www.instagram.com/p/BZ8DH9LDinT/?taken-by=yuka_x0v0x_,BZ8DH9LDinT,94,yuka_x0v0x_
http://www.instagram.com/p/BaWD-zEjswp/?taken-by=yuka_x0v0x_,BaWD-zEjswp,82,yuka_x0v0x_
http://www.instagram.com/p/BaaDmojjXDu/?taken-by=yuka_x0v0x_,BaaDmojjXDu,91,yuka_x0v0x_
http://www.instagram.com/p/BbEkI1mjEfM/?taken-by=yuka_x0v0x_,BbEkI1mjEfM,97,yuka_x0v0x_
http://www.instagram.com/p/Bc4bYuEjVvd/?taken-by=yuka_x0v0x_,Bc4bYuEjVvd,90,yuka_x0v0x_
http://www.instagram.com/p/BdSY7m5jkRX/?taken-by=yuka_x0v0x_,BdSY7m5jkRX,92,yuka_x0v0x_
http://www.instagram.com/p/BeRfpb8Ddrb/?taken-by=yuka_x0v0x_,BeRfpb8Ddrb,98,yuka_x0v0x_
http://www.instagram.com/p/BfCY-RsjoL2/?taken-by=yuka_x0v0x_,BfCY-RsjoL2,104,yuka_x0v0x_
http://www.instagram.com/p/BfFEjASj7-Y/?taken-by=yuka_x0v0x_,BfFEjASj7-Y,91,yuka_x0v0x_
http://www.instagram.com/p/BfU_ZMXhaxB/?taken-by=sylphide831,BfU_ZMXhaxB,23,sylphide831
http://www.instagram.com/p/BfgPuqRB_fZ/?taken-by=sylphide831,BfgPuqRB_fZ,12,sylphide831
http://www.instagram.com/p/BfgQU4MBMaZ/?taken-by=sylphide831,BfgQU4MBMaZ,,sylphide831
http://www.instagram.com/p/BfkjcxvhVYy/?taken-by=sylphide831,BfkjcxvhVYy,18,sylphide831
http://www.instagram.com/p/BflPug3BOLu/?taken-by=sylphide831,BflPug3BOLu,29,sylphide831
http://www.instagram.com/p/BfmrFYahpEl/?taken-by=sylphide831,BfmrFYahpEl,16,sylphide831
http://www.instagram.com/p/BfnwsgNBbiw/?taken-by=sylphide831,BfnwsgNBbiw,22,sylphide831
http://www.instagram.com/p/BftKJvwhqii/?taken-by=sylphide831,BftKJvwhqii,23,sylphide831
http://www.instagram.com/p/BftKnCjByQo/?taken-by=sylphide831,BftKnCjByQo,16,sylphide831
http://www.instagram.com/p/BftK2lsBfBZ/?taken-by=sylphide831,BftK2lsBfBZ,21,sylphide831
http://www.instagram.com/p/BfOO9fOHKbi/?taken-by=kanaru_u,BfOO9fOHKbi,70,kanaru_u
http://www.instagram.com/p/BfQ38tWHUMr/?taken-by=kanaru_u,BfQ38tWHUMr,70,kanaru_u
http://www.instagram.com/p/BfTeg2JHpV2/?taken-by=kanaru_u,BfTeg2JHpV2,59,kanaru_u
http://www.instagram.com/p/BfWHB5CHKGx/?taken-by=kanaru_u,BfWHB5CHKGx,57,kanaru_u
http://www.instagram.com/p/BfYvM5RHcnh/?taken-by=kanaru_u,BfYvM5RHcnh,44,kanaru_u
http://www.instagram.com/p/BfgPZ6nnEzr/?taken-by=kanaru_u,BfgPZ6nnEzr,23,kanaru_u
http://www.instagram.com/p/Bfi1qyZnGP8/?taken-by=kanaru_u,Bfi1qyZnGP8,40,kanaru_u
http://www.instagram.com/p/Bfleo1gHygG/?taken-by=kanaru_u,Bfleo1gHygG,63,kanaru_u
http://www.instagram.com/p/BftZxADnJMf/?taken-by=kanaru_u,BftZxADnJMf,19,kanaru_u
http://www.instagram.com/p/BftaEI3HqkQ/?taken-by=kanaru_u,BftaEI3HqkQ,59,kanaru_u
http://www.instagram.com/p/Bfa6jBdjIjA/?taken-by=manatmnt0116,Bfa6jBdjIjA,341,manatmnt0116
http://www.instagram.com/p/BfdTScODn4_/?taken-by=manatmnt0116,BfdTScODn4_,397,manatmnt0116
http://www.instagram.com/p/Bffz_xRDhF8/?taken-by=manatmnt0116,Bffz_xRDhF8,468,manatmnt0116
http://www.instagram.com/p/BfiJa5IDXbp/?taken-by=manatmnt0116,BfiJa5IDXbp,464,manatmnt0116
http://www.instagram.com/p/BfiSgAzjaxS/?taken-by=manatmnt0116,BfiSgAzjaxS,409,manatmnt0116
http://www.instagram.com/p/BfkvZmej1uF/?taken-by=manatmnt0116,BfkvZmej1uF,,manatmnt0116
http://www.instagram.com/p/Bfk1rIxDGoS/?taken-by=manatmnt0116,Bfk1rIxDGoS,605,manatmnt0116
http://www.instagram.com/p/Bfk2KKIjPqN/?taken-by=manatmnt0116,Bfk2KKIjPqN,629,manatmnt0116
http://www.instagram.com/p/Bfk2RXzDaMJ/?taken-by=manatmnt0116,Bfk2RXzDaMJ,190,manatmnt0116
http://www.instagram.com/p/BfnsC7xjE7k/?taken-by=manatmnt0116,BfnsC7xjE7k,422,manatmnt0116
http://www.instagram.com/p/BfpSVAMjUuj/?taken-by=manatmnt0116,BfpSVAMjUuj,359,manatmnt0116
http://www.instagram.com/p/BfDVEcvAEmV/?taken-by=annakobe_,BfDVEcvAEmV,,annakobe_
http://www.instagram.com/p/BfGRzLRgDFz/?taken-by=annakobe_,BfGRzLRgDFz,376,annakobe_
http://www.instagram.com/p/BfIziqQgC4d/?taken-by=annakobe_,BfIziqQgC4d,465,annakobe_
http://www.instagram.com/p/BfLXiFQAbm4/?taken-by=annakobe_,BfLXiFQAbm4,298,annakobe_
http://www.instagram.com/p/BfN99ZxAn3L/?taken-by=annakobe_,BfN99ZxAn3L,390,annakobe_
http://www.instagram.com/p/BfVWy9WgbP_/?taken-by=annakobe_,BfVWy9WgbP_,421,annakobe_
http://www.instagram.com/p/BfYRbh8ATn2/?taken-by=annakobe_,BfYRbh8ATn2,420,annakobe_
http://www.instagram.com/p/BfdX8A6geFU/?taken-by=annakobe_,BfdX8A6geFU,,annakobe_
http://www.instagram.com/p/Bff-M5UAPG3/?taken-by=annakobe_,Bff-M5UAPG3,530,annakobe_
http://www.instagram.com/p/BflJfk-gXio/?taken-by=annakobe_,BflJfk-gXio,,annakobe_
http://www.instagram.com/p/Bfs3H_IAuAN/?taken-by=annakobe_,Bfs3H_IAuAN,182,annakobe_
http://www.instagram.com/p/BZLiBv0A_DS/?taken-by=mion.t.0601,BZLiBv0A_DS,11,mion.t.0601
http://www.instagram.com/p/BZXyZLMguxz/?taken-by=mion.t.0601,BZXyZLMguxz,13,mion.t.0601
http://www.instagram.com/p/BaXzYkqAP2J/?taken-by=mion.t.0601,BaXzYkqAP2J,16,mion.t.0601
http://www.instagram.com/p/Ba4LmRfA4Os/?taken-by=mion.t.0601,Ba4LmRfA4Os,11,mion.t.0601
http://www.instagram.com/p/BbUf_5_g2LO/?taken-by=mion.t.0601,BbUf_5_g2LO,16,mion.t.0601
http://www.instagram.com/p/BdX4GbOHJnT/?taken-by=mion.t.0601,BdX4GbOHJnT,32,mion.t.0601
http://www.instagram.com/p/Bd-uOtsgPwY/?taken-by=mion.t.0601,Bd-uOtsgPwY,29,mion.t.0601
http://www.instagram.com/p/BfcRXyABMFz/?taken-by=mion.t.0601,BfcRXyABMFz,24,mion.t.0601
http://www.instagram.com/p/BfcSXRShGlp/?taken-by=mion.t.0601,BfcSXRShGlp,38,mion.t.0601
http://www.instagram.com/p/BfaDSFZhpfV/?taken-by=itoumei,BfaDSFZhpfV,196,itoumei
http://www.instagram.com/p/BfcY7uXBAbq/?taken-by=itoumei,BfcY7uXBAbq,308,itoumei
http://www.instagram.com/p/Bfe9eXzhH-u/?taken-by=itoumei,Bfe9eXzhH-u,264,itoumei
http://www.instagram.com/p/BfhlRm2h3m8/?taken-by=itoumei,BfhlRm2h3m8,235,itoumei
http://www.instagram.com/p/BfkDGAABmtK/?taken-by=itoumei,BfkDGAABmtK,201,itoumei
http://www.instagram.com/p/Bfkvf1LhJcM/?taken-by=itoumei,Bfkvf1LhJcM,232,itoumei
http://www.instagram.com/p/Bfmt8TJBh0R/?taken-by=itoumei,Bfmt8TJBh0R,200,itoumei
http://www.instagram.com/p/BfnipJohZWr/?taken-by=itoumei,BfnipJohZWr,242,itoumei
http://www.instagram.com/p/Bfo8rmKBtp3/?taken-by=itoumei,Bfo8rmKBtp3,200,itoumei
http://www.instagram.com/p/BfsthUIB7i6/?taken-by=itoumei,BfsthUIB7i6,145,itoumei
http://www.instagram.com/p/BfXBlxAgdJz/?taken-by=lamourenrose.taka,BfXBlxAgdJz,128,lamourenrose.taka
http://www.instagram.com/p/BfXcRrmAdsL/?taken-by=lamourenrose.taka,BfXcRrmAdsL,163,lamourenrose.taka
http://www.instagram.com/p/BfYoasEAdH0/?taken-by=lamourenrose.taka,BfYoasEAdH0,344,lamourenrose.taka
http://www.instagram.com/p/BfdZn9mA1HW/?taken-by=lamourenrose.taka,BfdZn9mA1HW,200,lamourenrose.taka
http://www.instagram.com/p/BfitDC-gJ0B/?taken-by=lamourenrose.taka,BfitDC-gJ0B,89,lamourenrose.taka
http://www.instagram.com/p/Bfj_XpDA220/?taken-by=lamourenrose.taka,Bfj_XpDA220,132,lamourenrose.taka
http://www.instagram.com/p/BfnVPCMAvto/?taken-by=lamourenrose.taka,BfnVPCMAvto,70,lamourenrose.taka
http://www.instagram.com/p/BfqRkPJAwyL/?taken-by=lamourenrose.taka,BfqRkPJAwyL,100,lamourenrose.taka
http://www.instagram.com/p/BfqtB57g5rV/?taken-by=lamourenrose.taka,BfqtB57g5rV,142,lamourenrose.taka
http://www.instagram.com/p/Bfsq09Fghnk/?taken-by=lamourenrose.taka,Bfsq09Fghnk,64,lamourenrose.taka
http://www.instagram.com/p/Bfs0ET-AhPR/?taken-by=lamourenrose.taka,Bfs0ET-AhPR,40,lamourenrose.taka
http://www.instagram.com/p/BedEsRJhYBd/?taken-by=emilyswift13,BedEsRJhYBd,16,emilyswift13
http://www.instagram.com/p/BedFN20BV45/?taken-by=emilyswift13,BedFN20BV45,53,emilyswift13
http://www.instagram.com/p/BehNHKAhQTY/?taken-by=emilyswift13,BehNHKAhQTY,55,emilyswift13
http://www.instagram.com/p/BehNoWZhuas/?taken-by=emilyswift13,BehNoWZhuas,92,emilyswift13
http://www.instagram.com/p/BexV6w2hNly/?taken-by=emilyswift13,BexV6w2hNly,52,emilyswift13
http://www.instagram.com/p/BexWMKKhHjW/?taken-by=emilyswift13,BexWMKKhHjW,41,emilyswift13
http://www.instagram.com/p/BdupEoTH_GX/?taken-by=jill___princess,BdupEoTH_GX,137,jill___princess
http://www.instagram.com/p/BdxXXeNH4JR/?taken-by=jill___princess,BdxXXeNH4JR,412,jill___princess
http://www.instagram.com/p/Bd5Cjh7H56I/?taken-by=jill___princess,Bd5Cjh7H56I,219,jill___princess
http://www.instagram.com/p/BfYWpk7hjKE/?taken-by=harubiyori3,BfYWpk7hjKE,14,harubiyori3
http://www.instagram.com/p/Bb0ZS_ihOyJ/?taken-by=32_honoka,Bb0ZS_ihOyJ,43,32_honoka
http://www.instagram.com/p/BeNGZ84Dfgn/?taken-by=punidoll,BeNGZ84Dfgn,889,punidoll
http://www.instagram.com/p/BenQqJ3htRZ/?taken-by=hikatan_n,BenQqJ3htRZ,63,hikatan_n
http://www.instagram.com/p/BesUWBxBxNM/?taken-by=hikatan_n,BesUWBxBxNM,57,hikatan_n
http://www.instagram.com/p/Be29nbehzVQ/?taken-by=hikatan_n,Be29nbehzVQ,53,hikatan_n
http://www.instagram.com/p/BfAQrS5Bxk2/?taken-by=hikatan_n,BfAQrS5Bxk2,51,hikatan_n
http://www.instagram.com/p/Bd2h4ZcA4fX/?taken-by=hona_gram,Bd2h4ZcA4fX,25,hona_gram
http://www.instagram.com/p/Bd2illwAOMT/?taken-by=hona_gram,Bd2illwAOMT,45,hona_gram
http://www.instagram.com/p/Bd4a-IFgSD4/?taken-by=hona_gram,Bd4a-IFgSD4,20,hona_gram
http://www.instagram.com/p/Bd99gQ1Fr2w/?taken-by=hona_gram,Bd99gQ1Fr2w,15,hona_gram
http://www.instagram.com/p/BeDCPyLFv-W/?taken-by=hona_gram,BeDCPyLFv-W,30,hona_gram
http://www.instagram.com/p/BefHUIclf07/?taken-by=hona_gram,BefHUIclf07,23,hona_gram
http://www.instagram.com/p/BekfQZCltrf/?taken-by=hona_gram,BekfQZCltrf,27,hona_gram
http://www.instagram.com/p/BexTKO7Fwsw/?taken-by=hona_gram,BexTKO7Fwsw,22,hona_gram
http://www.instagram.com/p/BexT-_RF-Oa/?taken-by=hona_gram,BexT-_RF-Oa,30,hona_gram
http://www.instagram.com/p/BfCiCWqlDRD/?taken-by=hona_gram,BfCiCWqlDRD,,hona_gram
http://www.instagram.com/p/BfCiSa6FdCy/?taken-by=hona_gram,BfCiSa6FdCy,,hona_gram
http://www.instagram.com/p/Bfsrtz5FtCV/?taken-by=hona_gram,Bfsrtz5FtCV,,hona_gram
http://www.instagram.com/p/BfFIUdrhwKh/?taken-by=hikatan_n,BfFIUdrhwKh,45,hikatan_n
http://www.instagram.com/p/BfI0FMJhbV7/?taken-by=hikatan_n,BfI0FMJhbV7,67,hikatan_n
http://www.instagram.com/p/BfLDtfTBtYp/?taken-by=hikatan_n,BfLDtfTBtYp,75,hikatan_n
http://www.instagram.com/p/BfQQJYAhD8L/?taken-by=hikatan_n,BfQQJYAhD8L,69,hikatan_n
http://www.instagram.com/p/BfdHi28BKtq/?taken-by=hikatan_n,BfdHi28BKtq,45,hikatan_n
http://www.instagram.com/p/BfiO8Z-BzRe/?taken-by=hikatan_n,BfiO8Z-BzRe,48,hikatan_n
http://www.instagram.com/p/BfqDOlWB3nF/?taken-by=hikatan_n,BfqDOlWB3nF,49,hikatan_n
http://www.instagram.com/p/BfqEACgBoir/?taken-by=hikatan_n,BfqEACgBoir,58,hikatan_n
http://www.instagram.com/p/Benjp7LDpbY/?taken-by=punidoll,Benjp7LDpbY,"1,406",punidoll
http://www.instagram.com/p/Bepw2B8DrP8/?taken-by=punidoll,Bepw2B8DrP8,"1,269",punidoll
http://www.instagram.com/p/Be-YP-kD-iD/?taken-by=punidoll,Be-YP-kD-iD,939,punidoll
http://www.instagram.com/p/BfLglMKD1pa/?taken-by=punidoll,BfLglMKD1pa,700,punidoll
http://www.instagram.com/p/BfPjb__Dex8/?taken-by=punidoll,BfPjb__Dex8,619,punidoll
http://www.instagram.com/p/BfUpQObjmSq/?taken-by=punidoll,BfUpQObjmSq,591,punidoll
http://www.instagram.com/p/BfdVuYSDWvA/?taken-by=punidoll,BfdVuYSDWvA,875,punidoll
http://www.instagram.com/p/BfhueWrDpj3/?taken-by=punidoll,BfhueWrDpj3,910,punidoll
http://www.instagram.com/p/BfkWkLMDSE5/?taken-by=punidoll,BfkWkLMDSE5,605,punidoll
http://www.instagram.com/p/Bfp9qkKjAgi/?taken-by=punidoll,Bfp9qkKjAgi,582,punidoll
http://www.instagram.com/p/BfsnTgqjp0t/?taken-by=punidoll,BfsnTgqjp0t,662,punidoll
http://www.instagram.com/p/Bb9VEKIhhNs/?taken-by=32_honoka,Bb9VEKIhhNs,63,32_honoka
http://www.instagram.com/p/BcPebtrhtYt/?taken-by=32_honoka,BcPebtrhtYt,75,32_honoka
http://www.instagram.com/p/Bc1-KwxhhHY/?taken-by=32_honoka,Bc1-KwxhhHY,84,32_honoka
http://www.instagram.com/p/Bc1_pRRhTHQ/?taken-by=32_honoka,Bc1_pRRhTHQ,62,32_honoka
http://www.instagram.com/p/Bc2CyjnBHfv/?taken-by=32_honoka,Bc2CyjnBHfv,89,32_honoka
http://www.instagram.com/p/BdQChMYh_SF/?taken-by=32_honoka,BdQChMYh_SF,76,32_honoka
http://www.instagram.com/p/BdSBSMVBd1c/?taken-by=32_honoka,BdSBSMVBd1c,72,32_honoka
http://www.instagram.com/p/BdXMdVUBaKn/?taken-by=32_honoka,BdXMdVUBaKn,93,32_honoka
http://www.instagram.com/p/BeJjHfBB4UR/?taken-by=32_honoka,BeJjHfBB4UR,57,32_honoka
http://www.instagram.com/p/BeJjuh_BQx1/?taken-by=32_honoka,BeJjuh_BQx1,47,32_honoka
http://www.instagram.com/p/BedF55EhRXt/?taken-by=32_honoka,BedF55EhRXt,59,32_honoka
http://www.instagram.com/p/BfYW7szhzf5/?taken-by=harubiyori3,BfYW7szhzf5,24,harubiyori3
http://www.instagram.com/p/BfYZt29BBTZ/?taken-by=harubiyori3,BfYZt29BBTZ,23,harubiyori3
http://www.instagram.com/p/Bfa2Cd7BvuE/?taken-by=harubiyori3,Bfa2Cd7BvuE,27,harubiyori3
http://www.instagram.com/p/Bfc-q1AhW7K/?taken-by=harubiyori3,Bfc-q1AhW7K,20,harubiyori3
http://www.instagram.com/p/Bff0jRrB6tx/?taken-by=harubiyori3,Bff0jRrB6tx,14,harubiyori3
http://www.instagram.com/p/BfgHwF1hNPm/?taken-by=harubiyori3,BfgHwF1hNPm,12,harubiyori3
http://www.instagram.com/p/BfieDbohpDq/?taken-by=harubiyori3,BfieDbohpDq,20,harubiyori3
http://www.instagram.com/p/Bfk_9ukhF2j/?taken-by=harubiyori3,Bfk_9ukhF2j,18,harubiyori3
http://www.instagram.com/p/BfnvpPEhNix/?taken-by=harubiyori3,BfnvpPEhNix,20,harubiyori3
http://www.instagram.com/p/BfpflTtBJA-/?taken-by=harubiyori3,BfpflTtBJA-,20,harubiyori3
http://www.instagram.com/p/Bfs0bkVhWDQ/?taken-by=harubiyori3,Bfs0bkVhWDQ,23,harubiyori3
http://www.instagram.com/p/BeAtDI6HA8t/?taken-by=jill___princess,BeAtDI6HA8t,210,jill___princess
http://www.instagram.com/p/BeKG38DnhUY/?taken-by=jill___princess,BeKG38DnhUY,401,jill___princess
http://www.instagram.com/p/BeNYqibHObt/?taken-by=jill___princess,BeNYqibHObt,533,jill___princess
http://www.instagram.com/p/BeX8kFGnldT/?taken-by=jill___princess,BeX8kFGnldT,242,jill___princess
http://www.instagram.com/p/Bee49eVnu_w/?taken-by=jill___princess,Bee49eVnu_w,331,jill___princess
http://www.instagram.com/p/BenpZ9_nytt/?taken-by=jill___princess,BenpZ9_nytt,143,jill___princess
http://www.instagram.com/p/Bep8HeoHlj6/?taken-by=jill___princess,Bep8HeoHlj6,620,jill___princess
http://www.instagram.com/p/Bew5btLH2KE/?taken-by=jill___princess,Bew5btLH2KE,366,jill___princess
http://www.instagram.com/p/BfZ_jV1HOVb/?taken-by=jill___princess,BfZ_jV1HOVb,259,jill___princess
http://www.instagram.com/p/BexXLLZhxwf/?taken-by=emilyswift13,BexXLLZhxwf,29,emilyswift13
http://www.instagram.com/p/BfBGfqvhmY6/?taken-by=emilyswift13,BfBGfqvhmY6,30,emilyswift13
http://www.instagram.com/p/BfBHZXohL1S/?taken-by=emilyswift13,BfBHZXohL1S,13,emilyswift13
http://www.instagram.com/p/BfszhvvBn4D/?taken-by=emilyswift13,BfszhvvBn4D,25,emilyswift13
http://www.instagram.com/p/Bfs0yZ9hZT9/?taken-by=emilyswift13,Bfs0yZ9hZT9,41,emilyswift13
http://www.instagram.com/p/Bfs1j5OhZkk/?taken-by=emilyswift13,Bfs1j5OhZkk,45,emilyswift13
http://www.instagram.com/p/Bcg-cNNHvVN/?taken-by=pj.3ya0925,Bcg-cNNHvVN,12,pj.3ya0925
http://www.instagram.com/p/BchAxtynVvs/?taken-by=pj.3ya0925,BchAxtynVvs,14,pj.3ya0925
http://www.instagram.com/p/BchBkrFna-s/?taken-by=pj.3ya0925,BchBkrFna-s,12,pj.3ya0925
http://www.instagram.com/p/BfCnXnIlBmD/?taken-by=0228haruka0228,BfCnXnIlBmD,118,0228haruka0228
http://www.instagram.com/p/BeCM11eAck7/?taken-by=y__kaho,BeCM11eAck7,153,y__kaho
http://www.instagram.com/p/Be7z3doDYPf/?taken-by=akanetiger,Be7z3doDYPf,"1,284",akanetiger
http://www.instagram.com/p/Bd5MFqvgxyL/?taken-by=ryuji_sweets,Bd5MFqvgxyL,339,ryuji_sweets
http://www.instagram.com/p/Bd7lNCsgI2P/?taken-by=ryuji_sweets,Bd7lNCsgI2P,363,ryuji_sweets
http://www.instagram.com/p/BdFnZtQB3rO/?taken-by=0929_osaki,BdFnZtQB3rO,98,0929_osaki
http://www.instagram.com/p/LXg6StsBcb/?taken-by=f0u0land,LXg6StsBcb,,f0u0land
http://www.instagram.com/p/MDaU_KMBTD/?taken-by=f0u0land,MDaU_KMBTD,,f0u0land
http://www.instagram.com/p/BfFcuEmh2kT/?taken-by=xun_jin,BfFcuEmh2kT,37,xun_jin
http://www.instagram.com/p/BfHfC5eh-fB/?taken-by=xun_jin,BfHfC5eh-fB,33,xun_jin
http://www.instagram.com/p/BIHhDgBgMZR/?taken-by=korinchance307,BIHhDgBgMZR,,korinchance307
http://www.instagram.com/p/Bd2lgCNljBq/?taken-by=shimwaihnin,Bd2lgCNljBq,19,shimwaihnin
http://www.instagram.com/p/BcpRceKgaIk/?taken-by=canaco316,BcpRceKgaIk,227,canaco316
http://www.instagram.com/p/BexpaGNlgNH/?taken-by=kaho_tsuji,BexpaGNlgNH,272,kaho_tsuji
http://www.instagram.com/p/Bezu1fDFd6L/?taken-by=kaho_tsuji,Bezu1fDFd6L,176,kaho_tsuji
http://www.instagram.com/p/Bezu-V8FOlF/?taken-by=kaho_tsuji,Bezu-V8FOlF,273,kaho_tsuji
http://www.instagram.com/p/Be7boULFhVV/?taken-by=kaho_tsuji,Be7boULFhVV,,kaho_tsuji
http://www.instagram.com/p/Be7gkV5lMHJ/?taken-by=kaho_tsuji,Be7gkV5lMHJ,183,kaho_tsuji
http://www.instagram.com/p/BfAu7J-FAGU/?taken-by=kaho_tsuji,BfAu7J-FAGU,196,kaho_tsuji
http://www.instagram.com/p/BfAu8oylkUj/?taken-by=kaho_tsuji,BfAu8oylkUj,144,kaho_tsuji
http://www.instagram.com/p/BfA-6pzF1-G/?taken-by=kaho_tsuji,BfA-6pzF1-G,218,kaho_tsuji
http://www.instagram.com/p/BfGHl15FaDy/?taken-by=kaho_tsuji,BfGHl15FaDy,,kaho_tsuji
http://www.instagram.com/p/BfgHo90Fya1/?taken-by=kaho_tsuji,BfgHo90Fya1,234,kaho_tsuji
http://www.instagram.com/p/BfirheqFUCY/?taken-by=kaho_tsuji,BfirheqFUCY,,kaho_tsuji
http://www.instagram.com/p/Bfnub8ulpL9/?taken-by=kaho_tsuji,Bfnub8ulpL9,234,kaho_tsuji
http://www.instagram.com/p/Bc2JyG4gtsf/?taken-by=canaco316,Bc2JyG4gtsf,,canaco316
http://www.instagram.com/p/BdC-JAbgeP1/?taken-by=canaco316,BdC-JAbgeP1,140,canaco316
http://www.instagram.com/p/BdGrtB_ASr1/?taken-by=canaco316,BdGrtB_ASr1,236,canaco316
http://www.instagram.com/p/BdaDaONArrR/?taken-by=canaco316,BdaDaONArrR,186,canaco316
http://www.instagram.com/p/BdxXvlWg6tj/?taken-by=canaco316,BdxXvlWg6tj,193,canaco316
http://www.instagram.com/p/BeANSU5Ay6w/?taken-by=canaco316,BeANSU5Ay6w,197,canaco316
http://www.instagram.com/p/BeQTFXtgsUW/?taken-by=canaco316,BeQTFXtgsUW,131,canaco316
http://www.instagram.com/p/BeX5Pffg6Tn/?taken-by=canaco316,BeX5Pffg6Tn,208,canaco316
http://www.instagram.com/p/BfAuA65A5yS/?taken-by=canaco316,BfAuA65A5yS,154,canaco316
http://www.instagram.com/p/BfQDRnIgg9v/?taken-by=canaco316,BfQDRnIgg9v,159,canaco316
http://www.instagram.com/p/BfsckdwAsRM/?taken-by=canaco316,BfsckdwAsRM,106,canaco316
http://www.instagram.com/p/Bd4MMqxlcNV/?taken-by=shimwaihnin,Bd4MMqxlcNV,12,shimwaihnin
http://www.instagram.com/p/Bd6cmXBFGlN/?taken-by=shimwaihnin,Bd6cmXBFGlN,,shimwaihnin
http://www.instagram.com/p/BeDQdXMF1aY/?taken-by=shimwaihnin,BeDQdXMF1aY,19,shimwaihnin
http://www.instagram.com/p/BePq3eAF3n_/?taken-by=shimwaihnin,BePq3eAF3n_,24,shimwaihnin
http://www.instagram.com/p/Befh5I_lz4J/?taken-by=shimwaihnin,Befh5I_lz4J,29,shimwaihnin
http://www.instagram.com/p/Beu9QooFy30/?taken-by=shimwaihnin,Beu9QooFy30,32,shimwaihnin
http://www.instagram.com/p/BexNc7qluP9/?taken-by=shimwaihnin,BexNc7qluP9,38,shimwaihnin
http://www.instagram.com/p/Be72KBwlowi/?taken-by=shimwaihnin,Be72KBwlowi,25,shimwaihnin
http://www.instagram.com/p/BfBUTsWlGmT/?taken-by=shimwaihnin,BfBUTsWlGmT,24,shimwaihnin
http://www.instagram.com/p/BfSxymZF2QQ/?taken-by=shimwaihnin,BfSxymZF2QQ,24,shimwaihnin
http://www.instagram.com/p/BfUX0Qnl2kr/?taken-by=shimwaihnin,BfUX0Qnl2kr,23,shimwaihnin
http://www.instagram.com/p/BSaCDrvgtQH/?taken-by=korinchance307,BSaCDrvgtQH,,korinchance307
http://www.instagram.com/p/BeNwzy3Hjf8/?taken-by=korinchance307,BeNwzy3Hjf8,,korinchance307
http://www.instagram.com/p/BeXhxeanklu/?taken-by=korinchance307,BeXhxeanklu,,korinchance307
http://www.instagram.com/p/BeYLtfpHOnF/?taken-by=korinchance307,BeYLtfpHOnF,,korinchance307
http://www.instagram.com/p/BehdihQHWJH/?taken-by=korinchance307,BehdihQHWJH,,korinchance307
http://www.instagram.com/p/Ber2lT8ngyG/?taken-by=korinchance307,Ber2lT8ngyG,,korinchance307
http://www.instagram.com/p/BfQs1QiHwq5/?taken-by=korinchance307,BfQs1QiHwq5,,korinchance307
http://www.instagram.com/p/BfLvoN_hvF2/?taken-by=xun_jin,BfLvoN_hvF2,37,xun_jin
http://www.instagram.com/p/BfNaCFWBG0P/?taken-by=xun_jin,BfNaCFWBG0P,14,xun_jin
http://www.instagram.com/p/BfNixCthP4Z/?taken-by=xun_jin,BfNixCthP4Z,32,xun_jin
http://www.instagram.com/p/BfUL_C5Bbe3/?taken-by=xun_jin,BfUL_C5Bbe3,32,xun_jin
http://www.instagram.com/p/BfUNv_GBFxU/?taken-by=xun_jin,BfUNv_GBFxU,48,xun_jin
http://www.instagram.com/p/BfYiRYAhBhx/?taken-by=xun_jin,BfYiRYAhBhx,57,xun_jin
http://www.instagram.com/p/Bfb-DLnhjoM/?taken-by=xun_jin,Bfb-DLnhjoM,38,xun_jin
http://www.instagram.com/p/BfcpsVehKfR/?taken-by=xun_jin,BfcpsVehKfR,34,xun_jin
http://www.instagram.com/p/BffoZxJhDp7/?taken-by=xun_jin,BffoZxJhDp7,33,xun_jin
http://www.instagram.com/p/BfqeKqEh8td/?taken-by=xun_jin,BfqeKqEh8td,39,xun_jin
http://www.instagram.com/p/MDpue7MBXY/?taken-by=f0u0land,MDpue7MBXY,,f0u0land
http://www.instagram.com/p/NNJm6DMBWS/?taken-by=f0u0land,NNJm6DMBWS,,f0u0land
http://www.instagram.com/p/PjUF4fMBdE/?taken-by=f0u0land,PjUF4fMBdE,,f0u0land
http://www.instagram.com/p/PjUN4lsBdK/?taken-by=f0u0land,PjUN4lsBdK,11,f0u0land
http://www.instagram.com/p/Pwl7rlMBT2/?taken-by=f0u0land,Pwl7rlMBT2,12,f0u0land
http://www.instagram.com/p/Pwm0FvsBUc/?taken-by=f0u0land,Pwm0FvsBUc,27,f0u0land
http://www.instagram.com/p/vudIk5sBX9/?taken-by=f0u0land,vudIk5sBX9,18,f0u0land
http://www.instagram.com/p/Bc4637cFPL-/?taken-by=f0u0land,Bc4637cFPL-,,f0u0land
http://www.instagram.com/p/BdCv4SJFsEC/?taken-by=f0u0land,BdCv4SJFsEC,,f0u0land
http://www.instagram.com/p/Bd7HwiJlIyL/?taken-by=f0u0land,Bd7HwiJlIyL,,f0u0land
http://www.instagram.com/p/BdLBkSxBTVb/?taken-by=0929_osaki,BdLBkSxBTVb,88,0929_osaki
http://www.instagram.com/p/BdSIiSlh3No/?taken-by=0929_osaki,BdSIiSlh3No,83,0929_osaki
http://www.instagram.com/p/BdfRyvyBAFr/?taken-by=0929_osaki,BdfRyvyBAFr,78,0929_osaki
http://www.instagram.com/p/Bd2OqBuBB4N/?taken-by=0929_osaki,Bd2OqBuBB4N,70,0929_osaki
http://www.instagram.com/p/Bd42L8GBFBG/?taken-by=0929_osaki,Bd42L8GBFBG,76,0929_osaki
http://www.instagram.com/p/Bd7j5I8BrYo/?taken-by=0929_osaki,Bd7j5I8BrYo,121,0929_osaki
http://www.instagram.com/p/BeDW7aEBkln/?taken-by=0929_osaki,BeDW7aEBkln,91,0929_osaki
http://www.instagram.com/p/BfAGvLyhBYN/?taken-by=0929_osaki,BfAGvLyhBYN,79,0929_osaki
http://www.instagram.com/p/BfVntlvhgmc/?taken-by=0929_osaki,BfVntlvhgmc,110,0929_osaki
http://www.instagram.com/p/BfgDhwJBUU-/?taken-by=0929_osaki,BfgDhwJBUU-,114,0929_osaki
http://www.instagram.com/p/BfntXw6Bhdl/?taken-by=0929_osaki,BfntXw6Bhdl,139,0929_osaki
http://www.instagram.com/p/Bd-e_bdgpM4/?taken-by=ryuji_sweets,Bd-e_bdgpM4,555,ryuji_sweets
http://www.instagram.com/p/BeK3fPUAlmg/?taken-by=ryuji_sweets,BeK3fPUAlmg,446,ryuji_sweets
http://www.instagram.com/p/BeQDjKKgBU2/?taken-by=ryuji_sweets,BeQDjKKgBU2,274,ryuji_sweets
http://www.instagram.com/p/BeSk_uwAk49/?taken-by=ryuji_sweets,BeSk_uwAk49,348,ryuji_sweets
http://www.instagram.com/p/BehLv7LAQDY/?taken-by=ryuji_sweets,BehLv7LAQDY,596,ryuji_sweets
http://www.instagram.com/p/Be24TT7gt-v/?taken-by=ryuji_sweets,Be24TT7gt-v,322,ryuji_sweets
http://www.instagram.com/p/BfBjDFwgKXS/?taken-by=ryuji_sweets,BfBjDFwgKXS,390,ryuji_sweets
http://www.instagram.com/p/BfC1X8jgnaK/?taken-by=ryuji_sweets,BfC1X8jgnaK,692,ryuji_sweets
http://www.instagram.com/p/BfDPWfEAshh/?taken-by=ryuji_sweets,BfDPWfEAshh,556,ryuji_sweets
http://www.instagram.com/p/BfF0BxlAXYy/?taken-by=ryuji_sweets,BfF0BxlAXYy,869,ryuji_sweets
http://www.instagram.com/p/BfBFYQgj-8M/?taken-by=akanetiger,BfBFYQgj-8M,"1,038",akanetiger
http://www.instagram.com/p/BfKtoVijYsw/?taken-by=akanetiger,BfKtoVijYsw,"1,154",akanetiger
http://www.instagram.com/p/BfN7n5iB62R/?taken-by=akanetiger,BfN7n5iB62R,885,akanetiger
http://www.instagram.com/p/BfTM8gnDBrH/?taken-by=akanetiger,BfTM8gnDBrH,"1,451",akanetiger
http://www.instagram.com/p/BfX0V4MDBsU/?taken-by=akanetiger,BfX0V4MDBsU,886,akanetiger
http://www.instagram.com/p/BfadCiRD-rB/?taken-by=akanetiger,BfadCiRD-rB,879,akanetiger
http://www.instagram.com/p/BfdDX-CDpdv/?taken-by=akanetiger,BfdDX-CDpdv,911,akanetiger
http://www.instagram.com/p/BffjqSkjX_X/?taken-by=akanetiger,BffjqSkjX_X,971,akanetiger
http://www.instagram.com/p/BfiQ1InjHFA/?taken-by=akanetiger,BfiQ1InjHFA,"1,133",akanetiger
http://www.instagram.com/p/Bfnh8OwD8iI/?taken-by=akanetiger,Bfnh8OwD8iI,"1,209",akanetiger
http://www.instagram.com/p/Bfsi9TrjNHC/?taken-by=akanetiger,Bfsi9TrjNHC,691,akanetiger
http://www.instagram.com/p/BeQO4JAAZk2/?taken-by=y__kaho,BeQO4JAAZk2,131,y__kaho
http://www.instagram.com/p/BeX4uZogGeb/?taken-by=y__kaho,BeX4uZogGeb,180,y__kaho
http://www.instagram.com/p/BeiUpUqg7Pk/?taken-by=y__kaho,BeiUpUqg7Pk,155,y__kaho
http://www.instagram.com/p/Beknel6giWi/?taken-by=y__kaho,Beknel6giWi,146,y__kaho
http://www.instagram.com/p/Be2nuuRAL1O/?taken-by=y__kaho,Be2nuuRAL1O,187,y__kaho
http://www.instagram.com/p/BfLrLlKAuUD/?taken-by=y__kaho,BfLrLlKAuUD,143,y__kaho
http://www.instagram.com/p/BfX_LdMg_UD/?taken-by=y__kaho,BfX_LdMg_UD,91,y__kaho
http://www.instagram.com/p/BfbHhQ_gXSr/?taken-by=y__kaho,BfbHhQ_gXSr,157,y__kaho
http://www.instagram.com/p/BfgEgKgAAw5/?taken-by=y__kaho,BfgEgKgAAw5,204,y__kaho
http://www.instagram.com/p/Bfn0KO6Aq-k/?taken-by=y__kaho,Bfn0KO6Aq-k,132,y__kaho
http://www.instagram.com/p/BfuC0bWAyyh/?taken-by=y__kaho,BfuC0bWAyyh,52,y__kaho
http://www.instagram.com/p/BfCoBYVlfq_/?taken-by=0228haruka0228,BfCoBYVlfq_,115,0228haruka0228
http://www.instagram.com/p/BfDeY4cFYiz/?taken-by=0228haruka0228,BfDeY4cFYiz,112,0228haruka0228
http://www.instagram.com/p/BfGX4h9lZsw/?taken-by=0228haruka0228,BfGX4h9lZsw,129,0228haruka0228
http://www.instagram.com/p/BfGYI3oFNR_/?taken-by=0228haruka0228,BfGYI3oFNR_,110,0228haruka0228
http://www.instagram.com/p/BfJ4DeAl7Na/?taken-by=0228haruka0228,BfJ4DeAl7Na,78,0228haruka0228
http://www.instagram.com/p/BfLMmneF2rp/?taken-by=0228haruka0228,BfLMmneF2rp,105,0228haruka0228
http://www.instagram.com/p/BfVVt6tFxIy/?taken-by=0228haruka0228,BfVVt6tFxIy,101,0228haruka0228
http://www.instagram.com/p/BfVpwDRFCE9/?taken-by=0228haruka0228,BfVpwDRFCE9,130,0228haruka0228
http://www.instagram.com/p/Bfb_zdvl6vv/?taken-by=0228haruka0228,Bfb_zdvl6vv,137,0228haruka0228
http://www.instagram.com/p/BfgTFhulOK7/?taken-by=0228haruka0228,BfgTFhulOK7,122,0228haruka0228
http://www.instagram.com/p/BflYV83FDG9/?taken-by=0228haruka0228,BflYV83FDG9,74,0228haruka0228
http://www.instagram.com/p/BczOzf7HTB1/?taken-by=pj.3ya0925,BczOzf7HTB1,15,pj.3ya0925
http://www.instagram.com/p/Bc7jZZEn_5j/?taken-by=pj.3ya0925,Bc7jZZEn_5j,16,pj.3ya0925
http://www.instagram.com/p/BeSix4UHrTq/?taken-by=pj.3ya0925,BeSix4UHrTq,22,pj.3ya0925
http://www.instagram.com/p/BeVe6zTnBkA/?taken-by=pj.3ya0925,BeVe6zTnBkA,14,pj.3ya0925
http://www.instagram.com/p/BednllSnFZO/?taken-by=pj.3ya0925,BednllSnFZO,18,pj.3ya0925
http://www.instagram.com/p/BfBc_rqnRUN/?taken-by=pj.3ya0925,BfBc_rqnRUN,14,pj.3ya0925
http://www.instagram.com/p/BfBefQuHxes/?taken-by=pj.3ya0925,BfBefQuHxes,16,pj.3ya0925
http://www.instagram.com/p/BfBfHOnHHdg/?taken-by=pj.3ya0925,BfBfHOnHHdg,16,pj.3ya0925
http://www.instagram.com/p/BfleAW3HpRJ/?taken-by=pj.3ya0925,BfleAW3HpRJ,16,pj.3ya0925
http://www.instagram.com/p/BPbdDVgDZAq/?taken-by=yuri.mekko.t,BPbdDVgDZAq,,yuri.mekko.t
http://www.instagram.com/p/BeayPshjfFV/?taken-by=kana_love_disney,BeayPshjfFV,56,kana_love_disney
http://www.instagram.com/p/BeRnOfEnFfm/?taken-by=yui.minny.now,BeRnOfEnFfm,176,yui.minny.now
http://www.instagram.com/p/Bem5k4phIHM/?taken-by=a.y.a_pii,Bem5k4phIHM,,a.y.a_pii
http://www.instagram.com/p/BfSx6fYDwLy/?taken-by=_ayasgram_,BfSx6fYDwLy,"1,146",_ayasgram_
http://www.instagram.com/p/BfBxnieDoUU/?taken-by=sunaokikuchi,BfBxnieDoUU,,sunaokikuchi
http://www.instagram.com/p/BfmUqH8BxSE/?taken-by=diet__63kg,BfmUqH8BxSE,40,diet__63kg
http://www.instagram.com/p/BfmXJtkBBnq/?taken-by=diet__63kg,BfmXJtkBBnq,44,diet__63kg
http://www.instagram.com/p/Bfmwor7BxFs/?taken-by=diet__63kg,Bfmwor7BxFs,49,diet__63kg
http://www.instagram.com/p/BS526WFBRlf/?taken-by=fukutarou_kawabata,BS526WFBRlf,46,fukutarou_kawabata
http://www.instagram.com/p/Be29cgSnKCj/?taken-by=3mariha19,Be29cgSnKCj,263,3mariha19
http://www.instagram.com/p/BfapNM9n3xX/?taken-by=18_asaka,BfapNM9n3xX,159,18_asaka
http://www.instagram.com/p/BfcO74Xnqw4/?taken-by=18_asaka,BfcO74Xnqw4,156,18_asaka
http://www.instagram.com/p/BdJwWjyH2Um/?taken-by=yuumo211,BdJwWjyH2Um,,yuumo211
http://www.instagram.com/p/BaRB8etDJGj/?taken-by=hiroki1i,BaRB8etDJGj,24,hiroki1i
http://www.instagram.com/p/Bawn36_Dabk/?taken-by=hiroki1i,Bawn36_Dabk,32,hiroki1i
http://www.instagram.com/p/BM5qNGUBcbI/?taken-by=touichi_gram_,BM5qNGUBcbI,,touichi_gram_
http://www.instagram.com/p/BNTv60oBmNd/?taken-by=touichi_gram_,BNTv60oBmNd,66,touichi_gram_
http://www.instagram.com/p/BWw_J3VBghX/?taken-by=touichi_gram_,BWw_J3VBghX,80,touichi_gram_
http://www.instagram.com/p/BW0Agl8BUiK/?taken-by=touichi_gram_,BW0Agl8BUiK,74,touichi_gram_
http://www.instagram.com/p/BYf09hbHKSa/?taken-by=touichi_gram_,BYf09hbHKSa,77,touichi_gram_
http://www.instagram.com/p/BYf-GLanLm2/?taken-by=touichi_gram_,BYf-GLanLm2,73,touichi_gram_
http://www.instagram.com/p/BYneb07HR7f/?taken-by=touichi_gram_,BYneb07HR7f,81,touichi_gram_
http://www.instagram.com/p/BaBLNz_hcBy/?taken-by=touichi_gram_,BaBLNz_hcBy,87,touichi_gram_
http://www.instagram.com/p/Ba_tPKBBjBb/?taken-by=touichi_gram_,Ba_tPKBBjBb,65,touichi_gram_
http://www.instagram.com/p/BbmWsIwBbI6/?taken-by=touichi_gram_,BbmWsIwBbI6,53,touichi_gram_
http://www.instagram.com/p/BboM33ahvDM/?taken-by=touichi_gram_,BboM33ahvDM,62,touichi_gram_
http://www.instagram.com/p/BcExtCOBMJE/?taken-by=touichi_gram_,BcExtCOBMJE,101,touichi_gram_
http://www.instagram.com/p/Ba32eU-jVJU/?taken-by=hiroki1i,Ba32eU-jVJU,25,hiroki1i
http://www.instagram.com/p/BbGsxY-jDcO/?taken-by=hiroki1i,BbGsxY-jDcO,34,hiroki1i
http://www.instagram.com/p/BbHgfabj0nK/?taken-by=hiroki1i,BbHgfabj0nK,54,hiroki1i
http://www.instagram.com/p/BbI6t8cDwNl/?taken-by=hiroki1i,BbI6t8cDwNl,39,hiroki1i
http://www.instagram.com/p/BbzXBSXj4hU/?taken-by=hiroki1i,BbzXBSXj4hU,44,hiroki1i
http://www.instagram.com/p/BcUNj4zDLWp/?taken-by=hiroki1i,BcUNj4zDLWp,37,hiroki1i
http://www.instagram.com/p/BeNgjfHDPxM/?taken-by=hiroki1i,BeNgjfHDPxM,30,hiroki1i
http://www.instagram.com/p/BeT4QExj6xI/?taken-by=hiroki1i,BeT4QExj6xI,34,hiroki1i
http://www.instagram.com/p/BfTTRq2Dt_y/?taken-by=hiroki1i,BfTTRq2Dt_y,25,hiroki1i
http://www.instagram.com/p/Bfs25iMjgRU/?taken-by=hiroki1i,Bfs25iMjgRU,23,hiroki1i
http://www.instagram.com/p/BdM3-rSHWEg/?taken-by=yuumo211,BdM3-rSHWEg,,yuumo211
http://www.instagram.com/p/BdR9SexHGkp/?taken-by=yuumo211,BdR9SexHGkp,,yuumo211
http://www.instagram.com/p/BdR_2I3H78l/?taken-by=yuumo211,BdR_2I3H78l,,yuumo211
http://www.instagram.com/p/BdXWBuQH2ol/?taken-by=yuumo211,BdXWBuQH2ol,,yuumo211
http://www.instagram.com/p/BdaH9gXnSGE/?taken-by=yuumo211,BdaH9gXnSGE,,yuumo211
http://www.instagram.com/p/Be-vLCeHu-i/?taken-by=yuumo211,Be-vLCeHu-i,,yuumo211
http://www.instagram.com/p/Be-v7AcnQ0s/?taken-by=yuumo211,Be-v7AcnQ0s,,yuumo211
http://www.instagram.com/p/BfAqtaOn5sn/?taken-by=yuumo211,BfAqtaOn5sn,,yuumo211
http://www.instagram.com/p/BfBPw29H3YD/?taken-by=yuumo211,BfBPw29H3YD,,yuumo211
http://www.instagram.com/p/BfDOcC-HFh6/?taken-by=yuumo211,BfDOcC-HFh6,,yuumo211
http://www.instagram.com/p/BfQd9CSnzeJ/?taken-by=yuumo211,BfQd9CSnzeJ,,yuumo211
http://www.instagram.com/p/BfdIsZGHnJX/?taken-by=18_asaka,BfdIsZGHnJX,108,18_asaka
http://www.instagram.com/p/BfdNLyMn8V4/?taken-by=18_asaka,BfdNLyMn8V4,208,18_asaka
http://www.instagram.com/p/BffVwypnO6Q/?taken-by=18_asaka,BffVwypnO6Q,138,18_asaka
http://www.instagram.com/p/Bff3X3EHi_f/?taken-by=18_asaka,Bff3X3EHi_f,281,18_asaka
http://www.instagram.com/p/BfhXQv7HuS0/?taken-by=18_asaka,BfhXQv7HuS0,299,18_asaka
http://www.instagram.com/p/Bfini98HKln/?taken-by=18_asaka,Bfini98HKln,198,18_asaka
http://www.instagram.com/p/Bfk-i80H2fJ/?taken-by=18_asaka,Bfk-i80H2fJ,178,18_asaka
http://www.instagram.com/p/BfnU3QwHmoN/?taken-by=18_asaka,BfnU3QwHmoN,116,18_asaka
http://www.instagram.com/p/Bfp-9t6Hh_q/?taken-by=18_asaka,Bfp-9t6Hh_q,251,18_asaka
http://www.instagram.com/p/BfrzKw5n1OC/?taken-by=18_asaka,BfrzKw5n1OC,151,18_asaka
http://www.instagram.com/p/Be5Z3kuHysk/?taken-by=3mariha19,Be5Z3kuHysk,257,3mariha19
http://www.instagram.com/p/Be-lyzmHaqU/?taken-by=3mariha19,Be-lyzmHaqU,219,3mariha19
http://www.instagram.com/p/BfJ_YoonXYf/?taken-by=3mariha19,BfJ_YoonXYf,205,3mariha19
http://www.instagram.com/p/BfLndoZn_5A/?taken-by=3mariha19,BfLndoZn_5A,167,3mariha19
http://www.instagram.com/p/BfMsfrOngIN/?taken-by=3mariha19,BfMsfrOngIN,210,3mariha19
http://www.instagram.com/p/BfSEIifHrd_/?taken-by=3mariha19,BfSEIifHrd_,220,3mariha19
http://www.instagram.com/p/BfdowaPnqAv/?taken-by=3mariha19,BfdowaPnqAv,177,3mariha19
http://www.instagram.com/p/Bfifq2Vni0Q/?taken-by=3mariha19,Bfifq2Vni0Q,168,3mariha19
http://www.instagram.com/p/BfkXfWPHvD3/?taken-by=3mariha19,BfkXfWPHvD3,131,3mariha19
http://www.instagram.com/p/BfpfpKmneBP/?taken-by=3mariha19,BfpfpKmneBP,156,3mariha19
http://www.instagram.com/p/BfqXh57nul7/?taken-by=3mariha19,BfqXh57nul7,125,3mariha19
http://www.instagram.com/p/BTLK6qaBzoG/?taken-by=fukutarou_kawabata,BTLK6qaBzoG,38,fukutarou_kawabata
http://www.instagram.com/p/BTMV-00B95Z/?taken-by=fukutarou_kawabata,BTMV-00B95Z,42,fukutarou_kawabata
http://www.instagram.com/p/BTeVKGwBfyl/?taken-by=fukutarou_kawabata,BTeVKGwBfyl,41,fukutarou_kawabata
http://www.instagram.com/p/BTncxfJB-wg/?taken-by=fukutarou_kawabata,BTncxfJB-wg,29,fukutarou_kawabata
http://www.instagram.com/p/BToquY9hG7y/?taken-by=fukutarou_kawabata,BToquY9hG7y,66,fukutarou_kawabata
http://www.instagram.com/p/BTq16_8hRhb/?taken-by=fukutarou_kawabata,BTq16_8hRhb,31,fukutarou_kawabata
http://www.instagram.com/p/BTtyTZah947/?taken-by=fukutarou_kawabata,BTtyTZah947,51,fukutarou_kawabata
http://www.instagram.com/p/BUMfWk4htvp/?taken-by=fukutarou_kawabata,BUMfWk4htvp,36,fukutarou_kawabata
http://www.instagram.com/p/BVJq3D6B9-z/?taken-by=fukutarou_kawabata,BVJq3D6B9-z,30,fukutarou_kawabata
http://www.instagram.com/p/BVa6gNAh12b/?taken-by=fukutarou_kawabata,BVa6gNAh12b,48,fukutarou_kawabata
http://www.instagram.com/p/Bd74T2Fhq2G/?taken-by=fukutarou_kawabata,Bd74T2Fhq2G,56,fukutarou_kawabata
http://www.instagram.com/p/BfpI7aSBNQo/?taken-by=diet__63kg,BfpI7aSBNQo,53,diet__63kg
http://www.instagram.com/p/BfpO8KKBosS/?taken-by=diet__63kg,BfpO8KKBosS,40,diet__63kg
http://www.instagram.com/p/BfpP5Wqhtra/?taken-by=diet__63kg,BfpP5Wqhtra,40,diet__63kg
http://www.instagram.com/p/BfrLJsthY72/?taken-by=diet__63kg,BfrLJsthY72,53,diet__63kg
http://www.instagram.com/p/BfrMuBvB5Sd/?taken-by=diet__63kg,BfrMuBvB5Sd,47,diet__63kg
http://www.instagram.com/p/BfrUJAQB8UD/?taken-by=diet__63kg,BfrUJAQB8UD,48,diet__63kg
http://www.instagram.com/p/BftvapChDL3/?taken-by=diet__63kg,BftvapChDL3,48,diet__63kg
http://www.instagram.com/p/Bft26oXhetr/?taken-by=diet__63kg,Bft26oXhetr,22,diet__63kg
http://www.instagram.com/p/BfuG8m_BlvO/?taken-by=diet__63kg,BfuG8m_BlvO,13,diet__63kg
http://www.instagram.com/p/BfCoSnYD5EV/?taken-by=sunaokikuchi,BfCoSnYD5EV,,sunaokikuchi
http://www.instagram.com/p/BfDDy2WDvKX/?taken-by=sunaokikuchi,BfDDy2WDvKX,,sunaokikuchi
http://www.instagram.com/p/BfEY4ipDR6Y/?taken-by=sunaokikuchi,BfEY4ipDR6Y,,sunaokikuchi
http://www.instagram.com/p/BfGICiIjG2o/?taken-by=sunaokikuchi,BfGICiIjG2o,,sunaokikuchi
http://www.instagram.com/p/BfGJMEXDcYA/?taken-by=sunaokikuchi,BfGJMEXDcYA,,sunaokikuchi
http://www.instagram.com/p/BfIR1I4j65R/?taken-by=sunaokikuchi,BfIR1I4j65R,,sunaokikuchi
http://www.instagram.com/p/BfIR9lPj3c9/?taken-by=sunaokikuchi,BfIR9lPj3c9,,sunaokikuchi
http://www.instagram.com/p/BfKeDz4jAgu/?taken-by=sunaokikuchi,BfKeDz4jAgu,,sunaokikuchi
http://www.instagram.com/p/BfVwKRCjN4J/?taken-by=sunaokikuchi,BfVwKRCjN4J,,sunaokikuchi
http://www.instagram.com/p/BfYTFa9jLV-/?taken-by=sunaokikuchi,BfYTFa9jLV-,,sunaokikuchi
http://www.instagram.com/p/BflHmj0Dhj8/?taken-by=sunaokikuchi,BflHmj0Dhj8,,sunaokikuchi
http://www.instagram.com/p/BfTCLVtjE4-/?taken-by=_ayasgram_,BfTCLVtjE4-,"1,440",_ayasgram_
http://www.instagram.com/p/BfVdLlGjr3Q/?taken-by=_ayasgram_,BfVdLlGjr3Q,"1,069",_ayasgram_
http://www.instagram.com/p/BfWAR2Bjo6t/?taken-by=_ayasgram_,BfWAR2Bjo6t,"1,142",_ayasgram_
http://www.instagram.com/p/Bfdo5WhD86I/?taken-by=_ayasgram_,Bfdo5WhD86I,"1,120",_ayasgram_
http://www.instagram.com/p/BfgeZ_FDCg9/?taken-by=_ayasgram_,BfgeZ_FDCg9,"1,338",_ayasgram_
http://www.instagram.com/p/BflsFZMhE0r/?taken-by=_ayasgram_,BflsFZMhE0r,"1,127",_ayasgram_
http://www.instagram.com/p/Bfnu1f1jrir/?taken-by=_ayasgram_,Bfnu1f1jrir,"1,123",_ayasgram_
http://www.instagram.com/p/BfoO8UnD3jF/?taken-by=_ayasgram_,BfoO8UnD3jF,"1,078",_ayasgram_
http://www.instagram.com/p/BfqnFzFDWeq/?taken-by=_ayasgram_,BfqnFzFDWeq,"1,091",_ayasgram_
http://www.instagram.com/p/Bfq70-BDhU-/?taken-by=_ayasgram_,Bfq70-BDhU-,808,_ayasgram_
http://www.instagram.com/p/Bfs-zgFDkhg/?taken-by=_ayasgram_,Bfs-zgFDkhg,447,_ayasgram_
http://www.instagram.com/p/BenCfFQBuao/?taken-by=a.y.a_pii,BenCfFQBuao,,a.y.a_pii
http://www.instagram.com/p/BesSwhVB8Cs/?taken-by=a.y.a_pii,BesSwhVB8Cs,,a.y.a_pii
http://www.instagram.com/p/BeszMNghycV/?taken-by=a.y.a_pii,BeszMNghycV,,a.y.a_pii
http://www.instagram.com/p/BexZ1hthJwv/?taken-by=a.y.a_pii,BexZ1hthJwv,,a.y.a_pii
http://www.instagram.com/p/Be7TXK0BhB0/?taken-by=a.y.a_pii,Be7TXK0BhB0,87,a.y.a_pii
http://www.instagram.com/p/Bfdd8Rah2sV/?taken-by=a.y.a_pii,Bfdd8Rah2sV,,a.y.a_pii
http://www.instagram.com/p/BfeZTkzh-VB/?taken-by=a.y.a_pii,BfeZTkzh-VB,,a.y.a_pii
http://www.instagram.com/p/BfjBgFthnZ0/?taken-by=a.y.a_pii,BfjBgFthnZ0,105,a.y.a_pii
http://www.instagram.com/p/BfkTcGIBE4u/?taken-by=a.y.a_pii,BfkTcGIBE4u,64,a.y.a_pii
http://www.instagram.com/p/BfkZpX5hjgE/?taken-by=a.y.a_pii,BfkZpX5hjgE,,a.y.a_pii
http://www.instagram.com/p/Bfmn9cHBUeF/?taken-by=a.y.a_pii,Bfmn9cHBUeF,75,a.y.a_pii
http://www.instagram.com/p/Bee9o1HnYvm/?taken-by=yui.minny.now,Bee9o1HnYvm,173,yui.minny.now
http://www.instagram.com/p/BefgVYTnNlQ/?taken-by=yui.minny.now,BefgVYTnNlQ,182,yui.minny.now
http://www.instagram.com/p/Bep5ArknVYa/?taken-by=yui.minny.now,Bep5ArknVYa,159,yui.minny.now
http://www.instagram.com/p/Be2gnKqH-3u/?taken-by=yui.minny.now,Be2gnKqH-3u,158,yui.minny.now
http://www.instagram.com/p/Be69oKWHbco/?taken-by=yui.minny.now,Be69oKWHbco,157,yui.minny.now
http://www.instagram.com/p/Be9sbgRnGo2/?taken-by=yui.minny.now,Be9sbgRnGo2,191,yui.minny.now
http://www.instagram.com/p/BfAvXdZnhWb/?taken-by=yui.minny.now,BfAvXdZnhWb,167,yui.minny.now
http://www.instagram.com/p/BfBOiHontPf/?taken-by=yui.minny.now,BfBOiHontPf,136,yui.minny.now
http://www.instagram.com/p/BfLb0GlHHJx/?taken-by=yui.minny.now,BfLb0GlHHJx,154,yui.minny.now
http://www.instagram.com/p/BfagLbsnH7J/?taken-by=yui.minny.now,BfagLbsnH7J,172,yui.minny.now
http://www.instagram.com/p/BfpXzm5HKjQ/?taken-by=yui.minny.now,BfpXzm5HKjQ,140,yui.minny.now
http://www.instagram.com/p/BenGVZvl_OA/?taken-by=kana_love_disney,BenGVZvl_OA,68,kana_love_disney
http://www.instagram.com/p/BesWx9Ejr-Y/?taken-by=kana_love_disney,BesWx9Ejr-Y,28,kana_love_disney
http://www.instagram.com/p/Be2yJpajhZC/?taken-by=kana_love_disney,Be2yJpajhZC,85,kana_love_disney
http://www.instagram.com/p/Be_087SD2eO/?taken-by=kana_love_disney,Be_087SD2eO,,kana_love_disney
http://www.instagram.com/p/BfA9dRsjIcU/?taken-by=kana_love_disney,BfA9dRsjIcU,35,kana_love_disney
http://www.instagram.com/p/BfChUR3jIkP/?taken-by=kana_love_disney,BfChUR3jIkP,56,kana_love_disney
http://www.instagram.com/p/BfGLjySDIpf/?taken-by=kana_love_disney,BfGLjySDIpf,21,kana_love_disney
http://www.instagram.com/p/BfODL-CFGzE/?taken-by=kana_love_disney,BfODL-CFGzE,53,kana_love_disney
http://www.instagram.com/p/BfQRDiYl7ls/?taken-by=kana_love_disney,BfQRDiYl7ls,50,kana_love_disney
http://www.instagram.com/p/BfYJ_NCja6p/?taken-by=kana_love_disney,BfYJ_NCja6p,,kana_love_disney
http://www.instagram.com/p/BfgJQokDSiS/?taken-by=kana_love_disney,BfgJQokDSiS,207,kana_love_disney
http://www.instagram.com/p/Bd-dNeeA_Sk/?taken-by=chika_15908,Bd-dNeeA_Sk,,chika_15908
http://www.instagram.com/p/BaoXtn8Fj6y/?taken-by=sakuuraan,BaoXtn8Fj6y,64,sakuuraan
http://www.instagram.com/p/BbR06dWFD6X/?taken-by=sakuuraan,BbR06dWFD6X,91,sakuuraan
http://www.instagram.com/p/BcTt-wXnrmC/?taken-by=huwahuwalemon,BcTt-wXnrmC,47,huwahuwalemon
http://www.instagram.com/p/BcbMtdtHJAC/?taken-by=huwahuwalemon,BcbMtdtHJAC,33,huwahuwalemon
http://www.instagram.com/p/BdOoHGFBFa_/?taken-by=airan9703,BdOoHGFBFa_,,airan9703
http://www.instagram.com/p/BfBNGqtl5jN/?taken-by=mayumi.k2,BfBNGqtl5jN,179,mayumi.k2
http://www.instagram.com/p/BehC7GAhWlJ/?taken-by=h_c_j_h,BehC7GAhWlJ,25,h_c_j_h
http://www.instagram.com/p/BfAmBkYB7B7/?taken-by=kazuki510_303o,BfAmBkYB7B7,,kazuki510_303o
http://www.instagram.com/p/BehDSWcBg1Q/?taken-by=h_c_j_h,BehDSWcBg1Q,15,h_c_j_h
http://www.instagram.com/p/BYijwxInHoZ/?taken-by=prharuna,BYijwxInHoZ,161,prharuna
http://www.instagram.com/p/BZgLHYFH9AA/?taken-by=prharuna,BZgLHYFH9AA,205,prharuna
http://www.instagram.com/p/BCd8CHxi4cS/?taken-by=ayayuda_0623,BCd8CHxi4cS,,ayayuda_0623
http://www.instagram.com/p/BCd-GwGC4ft/?taken-by=ayayuda_0623,BCd-GwGC4ft,,ayayuda_0623
http://www.instagram.com/p/Ba0w37vF0F9/?taken-by=u_morimo,Ba0w37vF0F9,,u_morimo
http://www.instagram.com/p/BccjApOHr4S/?taken-by=k.nishii,BccjApOHr4S,50,k.nishii
http://www.instagram.com/p/BfAuzK-F3dF/?taken-by=atchan_atsushi,BfAuzK-F3dF,38,atchan_atsushi
http://www.instagram.com/p/BfBCT82F4XA/?taken-by=atchan_atsushi,BfBCT82F4XA,36,atchan_atsushi
http://www.instagram.com/p/BfGjO4Flrj8/?taken-by=atchan_atsushi,BfGjO4Flrj8,28,atchan_atsushi
http://www.instagram.com/p/BfLQ4hLFg8P/?taken-by=atchan_atsushi,BfLQ4hLFg8P,24,atchan_atsushi
http://www.instagram.com/p/BfN8KSllTDA/?taken-by=atchan_atsushi,BfN8KSllTDA,30,atchan_atsushi
http://www.instagram.com/p/BfONs3AFxpl/?taken-by=atchan_atsushi,BfONs3AFxpl,31,atchan_atsushi
http://www.instagram.com/p/BfS7-uyFtY1/?taken-by=atchan_atsushi,BfS7-uyFtY1,29,atchan_atsushi
http://www.instagram.com/p/BfaZIchlKxm/?taken-by=atchan_atsushi,BfaZIchlKxm,39,atchan_atsushi
http://www.instagram.com/p/BffPzHzFH_k/?taken-by=atchan_atsushi,BffPzHzFH_k,49,atchan_atsushi
http://www.instagram.com/p/BfjyjX1FBRy/?taken-by=atchan_atsushi,BfjyjX1FBRy,44,atchan_atsushi
http://www.instagram.com/p/BfnLGmhFpjM/?taken-by=atchan_atsushi,BfnLGmhFpjM,36,atchan_atsushi
http://www.instagram.com/p/Bfpwuw8F_d6/?taken-by=atchan_atsushi,Bfpwuw8F_d6,51,atchan_atsushi
http://www.instagram.com/p/BcxGpcGnULd/?taken-by=k.nishii,BcxGpcGnULd,23,k.nishii
http://www.instagram.com/p/Bc472JQnTVL/?taken-by=k.nishii,Bc472JQnTVL,43,k.nishii
http://www.instagram.com/p/Bc_vWO3HUXC/?taken-by=k.nishii,Bc_vWO3HUXC,32,k.nishii
http://www.instagram.com/p/BdFZsVrnw4M/?taken-by=k.nishii,BdFZsVrnw4M,61,k.nishii
http://www.instagram.com/p/BdRboYknBoP/?taken-by=k.nishii,BdRboYknBoP,44,k.nishii
http://www.instagram.com/p/BdYNXq5ngwK/?taken-by=k.nishii,BdYNXq5ngwK,53,k.nishii
http://www.instagram.com/p/BdaGjhqHbuZ/?taken-by=k.nishii,BdaGjhqHbuZ,53,k.nishii
http://www.instagram.com/p/Bdsbw5_HR0Q/?taken-by=k.nishii,Bdsbw5_HR0Q,57,k.nishii
http://www.instagram.com/p/BdsdYiZn0QV/?taken-by=k.nishii,BdsdYiZn0QV,25,k.nishii
http://www.instagram.com/p/BeF-JjgHO6p/?taken-by=k.nishii,BeF-JjgHO6p,32,k.nishii
http://www.instagram.com/p/BeHQ6E5nJUW/?taken-by=k.nishii,BeHQ6E5nJUW,51,k.nishii
http://www.instagram.com/p/BbmYwXZA-x9/?taken-by=u_morimo,BbmYwXZA-x9,25,u_morimo
http://www.instagram.com/p/BbnmexEgzu-/?taken-by=u_morimo,BbnmexEgzu-,22,u_morimo
http://www.instagram.com/p/Bb4U6ExAvWt/?taken-by=u_morimo,Bb4U6ExAvWt,23,u_morimo
http://www.instagram.com/p/BdX4n38gG4b/?taken-by=u_morimo,BdX4n38gG4b,26,u_morimo
http://www.instagram.com/p/BdpNzN2l9fN/?taken-by=u_morimo,BdpNzN2l9fN,34,u_morimo
http://www.instagram.com/p/Bd7oSrpgemy/?taken-by=u_morimo,Bd7oSrpgemy,25,u_morimo
http://www.instagram.com/p/BeLSTRsgnhd/?taken-by=u_morimo,BeLSTRsgnhd,38,u_morimo
http://www.instagram.com/p/BedGx16Aj4h/?taken-by=u_morimo,BedGx16Aj4h,21,u_morimo
http://www.instagram.com/p/Bel2pcnFvXw/?taken-by=u_morimo,Bel2pcnFvXw,,u_morimo
http://www.instagram.com/p/BfD1F2DBF8x/?taken-by=u_morimo,BfD1F2DBF8x,27,u_morimo
http://www.instagram.com/p/Bflgx66B7fO/?taken-by=u_morimo,Bflgx66B7fO,30,u_morimo
http://www.instagram.com/p/BCd-8IZi4Qz/?taken-by=ayayuda_0623,BCd-8IZi4Qz,18,ayayuda_0623
http://www.instagram.com/p/BCeBjpVC4VR/?taken-by=ayayuda_0623,BCeBjpVC4VR,,ayayuda_0623
http://www.instagram.com/p/BCeCEC5i4WC/?taken-by=ayayuda_0623,BCeCEC5i4WC,13,ayayuda_0623
http://www.instagram.com/p/BCeC0b6C4XT/?taken-by=ayayuda_0623,BCeC0b6C4XT,16,ayayuda_0623
http://www.instagram.com/p/BCw7exbi4SA/?taken-by=ayayuda_0623,BCw7exbi4SA,,ayayuda_0623
http://www.instagram.com/p/BCw9qPli4Uc/?taken-by=ayayuda_0623,BCw9qPli4Uc,,ayayuda_0623
http://www.instagram.com/p/BCxAXn9i4YN/?taken-by=ayayuda_0623,BCxAXn9i4YN,,ayayuda_0623
http://www.instagram.com/p/BDRU_rei4bh/?taken-by=ayayuda_0623,BDRU_rei4bh,,ayayuda_0623
http://www.instagram.com/p/BDRVjfhi4ce/?taken-by=ayayuda_0623,BDRVjfhi4ce,11,ayayuda_0623
http://www.instagram.com/p/BOsVRtpDhAs/?taken-by=ayayuda_0623,BOsVRtpDhAs,18,ayayuda_0623
http://www.instagram.com/p/BbQ9zWrH8z9/?taken-by=prharuna,BbQ9zWrH8z9,163,prharuna
http://www.instagram.com/p/BdR0We5HDk6/?taken-by=prharuna,BdR0We5HDk6,128,prharuna
http://www.instagram.com/p/BdXD6xbnB28/?taken-by=prharuna,BdXD6xbnB28,149,prharuna
http://www.instagram.com/p/BdXFCLGH_8i/?taken-by=prharuna,BdXFCLGH_8i,140,prharuna
http://www.instagram.com/p/BeAo47SnQfr/?taken-by=prharuna,BeAo47SnQfr,142,prharuna
http://www.instagram.com/p/BeAplf0nJi8/?taken-by=prharuna,BeAplf0nJi8,133,prharuna
http://www.instagram.com/p/BeRvvLTH3xB/?taken-by=prharuna,BeRvvLTH3xB,126,prharuna
http://www.instagram.com/p/BeVLsZRHK08/?taken-by=prharuna,BeVLsZRHK08,132,prharuna
http://www.instagram.com/p/BecW2K-n9D2/?taken-by=prharuna,BecW2K-n9D2,192,prharuna
http://www.instagram.com/p/Bfan22gnBIa/?taken-by=prharuna,Bfan22gnBIa,210,prharuna
http://www.instagram.com/p/BehDakNBLex/?taken-by=h_c_j_h,BehDakNBLex,24,h_c_j_h
http://www.instagram.com/p/BehEeUvh9sK/?taken-by=h_c_j_h,BehEeUvh9sK,22,h_c_j_h
http://www.instagram.com/p/BehEorxBMZd/?taken-by=h_c_j_h,BehEorxBMZd,20,h_c_j_h
http://www.instagram.com/p/BehE6RThVs6/?taken-by=h_c_j_h,BehE6RThVs6,26,h_c_j_h
http://www.instagram.com/p/BenWUynBUmN/?taken-by=h_c_j_h,BenWUynBUmN,21,h_c_j_h
http://www.instagram.com/p/BexePyfBcNg/?taken-by=h_c_j_h,BexePyfBcNg,19,h_c_j_h
http://www.instagram.com/p/BexeWKUBia7/?taken-by=h_c_j_h,BexeWKUBia7,17,h_c_j_h
http://www.instagram.com/p/BexeY89BwfF/?taken-by=h_c_j_h,BexeY89BwfF,,h_c_j_h
http://www.instagram.com/p/BezPE30hZn9/?taken-by=h_c_j_h,BezPE30hZn9,38,h_c_j_h
http://www.instagram.com/p/BfKTj4rh1Wb/?taken-by=h_c_j_h,BfKTj4rh1Wb,11,h_c_j_h
http://www.instagram.com/p/BfBTqEklZ8N/?taken-by=mayumi.k2,BfBTqEklZ8N,136,mayumi.k2
http://www.instagram.com/p/BfDLXjWlV-K/?taken-by=mayumi.k2,BfDLXjWlV-K,478,mayumi.k2
http://www.instagram.com/p/BfDwxOIlElA/?taken-by=mayumi.k2,BfDwxOIlElA,275,mayumi.k2
http://www.instagram.com/p/BfGVKfSltpF/?taken-by=mayumi.k2,BfGVKfSltpF,652,mayumi.k2
http://www.instagram.com/p/BfbDb2Sn--5/?taken-by=mayumi.k2,BfbDb2Sn--5,157,mayumi.k2
http://www.instagram.com/p/BfbFcH6H5Jv/?taken-by=mayumi.k2,BfbFcH6H5Jv,139,mayumi.k2
http://www.instagram.com/p/BflSmuBHBJG/?taken-by=mayumi.k2,BflSmuBHBJG,130,mayumi.k2
http://www.instagram.com/p/BflYvFzH6U2/?taken-by=mayumi.k2,BflYvFzH6U2,369,mayumi.k2
http://www.instagram.com/p/BflZdJon_y3/?taken-by=mayumi.k2,BflZdJon_y3,309,mayumi.k2
http://www.instagram.com/p/Bflbi4NHZ63/?taken-by=mayumi.k2,Bflbi4NHZ63,127,mayumi.k2
http://www.instagram.com/p/BfnRjFsHv2p/?taken-by=mayumi.k2,BfnRjFsHv2p,154,mayumi.k2
http://www.instagram.com/p/BdP2DNHhkZH/?taken-by=airan9703,BdP2DNHhkZH,15,airan9703
http://www.instagram.com/p/BdUmng5BpCX/?taken-by=airan9703,BdUmng5BpCX,14,airan9703
http://www.instagram.com/p/Bdhx-EcBLqt/?taken-by=airan9703,Bdhx-EcBLqt,14,airan9703
http://www.instagram.com/p/BfDcec2hz7N/?taken-by=airan9703,BfDcec2hz7N,24,airan9703
http://www.instagram.com/p/BfDc3mFhg5-/?taken-by=airan9703,BfDc3mFhg5-,26,airan9703
http://www.instagram.com/p/BficAIBBu-t/?taken-by=airan9703,BficAIBBu-t,24,airan9703
http://www.instagram.com/p/BceuB7knkiq/?taken-by=huwahuwalemon,BceuB7knkiq,37,huwahuwalemon
http://www.instagram.com/p/BcfJ605H4Gi/?taken-by=huwahuwalemon,BcfJ605H4Gi,34,huwahuwalemon
http://www.instagram.com/p/BchcUFOnPqY/?taken-by=huwahuwalemon,BchcUFOnPqY,,huwahuwalemon
http://www.instagram.com/p/Bcn9IZEHLwO/?taken-by=huwahuwalemon,Bcn9IZEHLwO,23,huwahuwalemon
http://www.instagram.com/p/BcvrfycHqVh/?taken-by=huwahuwalemon,BcvrfycHqVh,25,huwahuwalemon
http://www.instagram.com/p/Bcx_HAKnGyd/?taken-by=huwahuwalemon,Bcx_HAKnGyd,44,huwahuwalemon
http://www.instagram.com/p/Bc3WosFnx4m/?taken-by=huwahuwalemon,Bc3WosFnx4m,42,huwahuwalemon
http://www.instagram.com/p/Bd2eVKbnmbz/?taken-by=huwahuwalemon,Bd2eVKbnmbz,80,huwahuwalemon
http://www.instagram.com/p/Becej-5HJ43/?taken-by=huwahuwalemon,Becej-5HJ43,56,huwahuwalemon
http://www.instagram.com/p/BfAuSMsnu7d/?taken-by=huwahuwalemon,BfAuSMsnu7d,49,huwahuwalemon
http://www.instagram.com/p/BbguYYkl_fN/?taken-by=sakuuraan,BbguYYkl_fN,68,sakuuraan
http://www.instagram.com/p/Bbg675BFd5C/?taken-by=sakuuraan,Bbg675BFd5C,73,sakuuraan
http://www.instagram.com/p/Bbltlg0ljtJ/?taken-by=sakuuraan,Bbltlg0ljtJ,69,sakuuraan
http://www.instagram.com/p/BcZufzblJAj/?taken-by=sakuuraan,BcZufzblJAj,38,sakuuraan
http://www.instagram.com/p/BdKYkA_FoJM/?taken-by=sakuuraan,BdKYkA_FoJM,66,sakuuraan
http://www.instagram.com/p/BdjJAvAlXPe/?taken-by=sakuuraan,BdjJAvAlXPe,32,sakuuraan
http://www.instagram.com/p/BdjJYvwlKXu/?taken-by=sakuuraan,BdjJYvwlKXu,47,sakuuraan
http://www.instagram.com/p/BdjLKygFnOs/?taken-by=sakuuraan,BdjLKygFnOs,66,sakuuraan
http://www.instagram.com/p/BehrQ9SlNat/?taken-by=sakuuraan,BehrQ9SlNat,71,sakuuraan
http://www.instagram.com/p/BepiSv6lgXk/?taken-by=sakuuraan,BepiSv6lgXk,75,sakuuraan
http://www.instagram.com/p/BeAKgQigY-7/?taken-by=chika_15908,BeAKgQigY-7,,chika_15908
http://www.instagram.com/p/BeA-6VIgihP/?taken-by=chika_15908,BeA-6VIgihP,,chika_15908
http://www.instagram.com/p/BePBDv8A69V/?taken-by=chika_15908,BePBDv8A69V,15,chika_15908
http://www.instagram.com/p/BedaOYRA6xs/?taken-by=chika_15908,BedaOYRA6xs,,chika_15908
http://www.instagram.com/p/BefdgtTAomf/?taken-by=chika_15908,BefdgtTAomf,,chika_15908
http://www.instagram.com/p/Bek4ejOAeSe/?taken-by=chika_15908,Bek4ejOAeSe,,chika_15908
http://www.instagram.com/p/Be_384iggB7/?taken-by=chika_15908,Be_384iggB7,,chika_15908
http://www.instagram.com/p/Be_4XhVgi1n/?taken-by=chika_15908,Be_4XhVgi1n,14,chika_15908
http://www.instagram.com/p/BfBV-w5gb2n/?taken-by=chika_15908,BfBV-w5gb2n,12,chika_15908
http://www.instagram.com/p/BfUWM4PgAkF/?taken-by=chika_15908,BfUWM4PgAkF,17,chika_15908
http://www.instagram.com/p/BfkySbmgzse/?taken-by=chika_15908,BfkySbmgzse,,chika_15908
http://www.instagram.com/p/BfdAF0UFE_L/?taken-by=m__m2525,BfdAF0UFE_L,224,m__m2525
http://www.instagram.com/p/Bc4QEvSlU7b/?taken-by=m__m2525,Bc4QEvSlU7b,181,m__m2525
http://www.instagram.com/p/BdIB-RJFHRJ/?taken-by=m__m2525,BdIB-RJFHRJ,199,m__m2525
http://www.instagram.com/p/BdW5QMKl5ql/?taken-by=m__m2525,BdW5QMKl5ql,185,m__m2525
http://www.instagram.com/p/BdnLSCilf65/?taken-by=m__m2525,BdnLSCilf65,154,m__m2525
http://www.instagram.com/p/BdrosJble37/?taken-by=m__m2525,BdrosJble37,221,m__m2525
http://www.instagram.com/p/Bdzd91HFvUJ/?taken-by=m__m2525,Bdzd91HFvUJ,225,m__m2525
http://www.instagram.com/p/BerbbT7lsW0/?taken-by=m__m2525,BerbbT7lsW0,193,m__m2525
http://www.instagram.com/p/Be8BnbElDRe/?taken-by=m__m2525,Be8BnbElDRe,192,m__m2525
http://www.instagram.com/p/Be-X5sblxRN/?taken-by=m__m2525,Be-X5sblxRN,215,m__m2525
http://www.instagram.com/p/BfBGe_qlQhq/?taken-by=m__m2525,BfBGe_qlQhq,236,m__m2525
http://www.instagram.com/p/BfQdw08FLUV/?taken-by=m__m2525,BfQdw08FLUV,166,m__m2525
http://www.instagram.com/p/BfVpMLkh_JA/?taken-by=mi_saya,BfVpMLkh_JA,24,mi_saya
http://www.instagram.com/p/BdoAXgVjp3F/?taken-by=mi_saya,BdoAXgVjp3F,56,mi_saya
http://www.instagram.com/p/Bdqi5KXDIlC/?taken-by=mi_saya,Bdqi5KXDIlC,34,mi_saya
http://www.instagram.com/p/Bd5ZkkQDfCB/?taken-by=mi_saya,Bd5ZkkQDfCB,55,mi_saya
http://www.instagram.com/p/BeDrgM1DH6p/?taken-by=mi_saya,BeDrgM1DH6p,53,mi_saya
http://www.instagram.com/p/BeLPrHLDSL6/?taken-by=mi_saya,BeLPrHLDSL6,31,mi_saya
http://www.instagram.com/p/BeQF02ADvgG/?taken-by=mi_saya,BeQF02ADvgG,32,mi_saya
http://www.instagram.com/p/BefyErtBuZK/?taken-by=mi_saya,BefyErtBuZK,46,mi_saya
http://www.instagram.com/p/BeigJsihQmB/?taken-by=mi_saya,BeigJsihQmB,33,mi_saya
http://www.instagram.com/p/BfBeFfjhISQ/?taken-by=mi_saya,BfBeFfjhISQ,39,mi_saya
http://www.instagram.com/p/BfGfiTgB-N5/?taken-by=mi_saya,BfGfiTgB-N5,46,mi_saya
http://www.instagram.com/p/BfN2FwOh7hQ/?taken-by=mi_saya,BfN2FwOh7hQ,24,mi_saya
