postId,userId,postURL,goodNum
BevUxs8gD7r,kanna_kloss,http://www.instagram.com/p/BevUxs8gD7r/?taken-by=kanna_kloss,48
Be5dVu6ghKg,kanna_kloss,http://www.instagram.com/p/Be5dVu6ghKg/?taken-by=kanna_kloss,29
BfQX_U_DjFH,kirakira575,http://www.instagram.com/p/BfQX_U_DjFH/?taken-by=kirakira575,631
BfVjc1fDtaj,kirakira575,http://www.instagram.com/p/BfVjc1fDtaj/?taken-by=kirakira575,803
Bfapkkanz0U,sakibon69,http://www.instagram.com/p/Bfapkkanz0U/?taken-by=sakibon69,"1,144"
BfaqnGdHtNv,sakibon69,http://www.instagram.com/p/BfaqnGdHtNv/?taken-by=sakibon69,"1,642"
BdkiBo2jsuH,kii__522,http://www.instagram.com/p/BdkiBo2jsuH/?taken-by=kii__522,272
BfDonrinTzI,1x8_maho,http://www.instagram.com/p/BfDonrinTzI/?taken-by=1x8_maho,98
BfHrVUcnSiN,1x8_maho,http://www.instagram.com/p/BfHrVUcnSiN/?taken-by=1x8_maho,118
BQsTyAjAe6g,yma12yui,http://www.instagram.com/p/BQsTyAjAe6g/?taken-by=yma12yui,49
BRV1ED4AMx5,yma12yui,http://www.instagram.com/p/BRV1ED4AMx5/?taken-by=yma12yui,43
BTJCcxWg5pd,yma12yui,http://www.instagram.com/p/BTJCcxWg5pd/?taken-by=yma12yui,46
BT37-6Xg2lq,yma12yui,http://www.instagram.com/p/BT37-6Xg2lq/?taken-by=yma12yui,46
Bfa8mDvhEOV,garland.shiho,http://www.instagram.com/p/Bfa8mDvhEOV/?taken-by=garland.shiho,
Bc05U5zjUWJ,____riee,http://www.instagram.com/p/Bc05U5zjUWJ/?taken-by=____riee,"4,957"
BeiCECbl47e,pekotampe__,http://www.instagram.com/p/BeiCECbl47e/?taken-by=pekotampe__,250
BenXv9djdIi,pekotampe__,http://www.instagram.com/p/BenXv9djdIi/?taken-by=pekotampe__,231
BergBTijAkk,pekotampe__,http://www.instagram.com/p/BergBTijAkk/?taken-by=pekotampe__,217
BewbhbGj1N2,pekotampe__,http://www.instagram.com/p/BewbhbGj1N2/?taken-by=pekotampe__,408
Be-i7mEj0c0,pekotampe__,http://www.instagram.com/p/Be-i7mEj0c0/?taken-by=pekotampe__,199
BfDTe9SjpSs,pekotampe__,http://www.instagram.com/p/BfDTe9SjpSs/?taken-by=pekotampe__,181
BfDxyiyjCvP,pekotampe__,http://www.instagram.com/p/BfDxyiyjCvP/?taken-by=pekotampe__,312
BfHwl0EDgR7,pekotampe__,http://www.instagram.com/p/BfHwl0EDgR7/?taken-by=pekotampe__,203
BfP6FPdDKez,pekotampe__,http://www.instagram.com/p/BfP6FPdDKez/?taken-by=pekotampe__,183
BfdajqzD3dn,pekotampe__,http://www.instagram.com/p/BfdajqzD3dn/?taken-by=pekotampe__,130
Bfe7wrbDZJ4,pekotampe__,http://www.instagram.com/p/Bfe7wrbDZJ4/?taken-by=pekotampe__,206
BfgKC7dD3gV,pekotampe__,http://www.instagram.com/p/BfgKC7dD3gV/?taken-by=pekotampe__,268
Bc6jk8zDIfd,____riee,http://www.instagram.com/p/Bc6jk8zDIfd/?taken-by=____riee,"2,412"
BdCOytnDiQD,____riee,http://www.instagram.com/p/BdCOytnDiQD/?taken-by=____riee,"1,625"
BdHiIsvDFUD,____riee,http://www.instagram.com/p/BdHiIsvDFUD/?taken-by=____riee,"3,134"
BduLwWIja1c,____riee,http://www.instagram.com/p/BduLwWIja1c/?taken-by=____riee,"2,895"
Bd4f0AHDI4O,____riee,http://www.instagram.com/p/Bd4f0AHDI4O/?taken-by=____riee,"2,063"
Bd4f1t1Dfr3,____riee,http://www.instagram.com/p/Bd4f1t1Dfr3/?taken-by=____riee,"1,251"
Bd6r3gqj7gJ,____riee,http://www.instagram.com/p/Bd6r3gqj7gJ/?taken-by=____riee,"4,271"
BeCyAmiDjDo,____riee,http://www.instagram.com/p/BeCyAmiDjDo/?taken-by=____riee,"3,553"
BeepK4wDlaJ,____riee,http://www.instagram.com/p/BeepK4wDlaJ/?taken-by=____riee,"6,392"
BfiOXGhjl1b,____riee,http://www.instagram.com/p/BfiOXGhjl1b/?taken-by=____riee,"1,999"
BfuaWZ0DyNL,____riee,http://www.instagram.com/p/BfuaWZ0DyNL/?taken-by=____riee,"2,934"
BfcIt40hOsC,garland.shiho,http://www.instagram.com/p/BfcIt40hOsC/?taken-by=garland.shiho,51
Bfdea1OBwG0,garland.shiho,http://www.instagram.com/p/Bfdea1OBwG0/?taken-by=garland.shiho,
Bffxuu7h9gT,garland.shiho,http://www.instagram.com/p/Bffxuu7h9gT/?taken-by=garland.shiho,64
BfitFeFhQPV,garland.shiho,http://www.instagram.com/p/BfitFeFhQPV/?taken-by=garland.shiho,
Bfoqv6OBOU-,garland.shiho,http://www.instagram.com/p/Bfoqv6OBOU-/?taken-by=garland.shiho,87
BfqJJX2B_8v,garland.shiho,http://www.instagram.com/p/BfqJJX2B_8v/?taken-by=garland.shiho,101
Bfrf1FjBi7m,garland.shiho,http://www.instagram.com/p/Bfrf1FjBi7m/?taken-by=garland.shiho,60
Bfs36eUh6r0,garland.shiho,http://www.instagram.com/p/Bfs36eUh6r0/?taken-by=garland.shiho,104
Bft56aVh6uV,garland.shiho,http://www.instagram.com/p/Bft56aVh6uV/?taken-by=garland.shiho,66
Bfvg3ETh0-y,garland.shiho,http://www.instagram.com/p/Bfvg3ETh0-y/?taken-by=garland.shiho,73
BfwUtwKBGfG,garland.shiho,http://www.instagram.com/p/BfwUtwKBGfG/?taken-by=garland.shiho,57
BUhD4TkgJXn,yma12yui,http://www.instagram.com/p/BUhD4TkgJXn/?taken-by=yma12yui,72
BUopPJOgvPC,yma12yui,http://www.instagram.com/p/BUopPJOgvPC/?taken-by=yma12yui,59
BWwkCPgAiOU,yma12yui,http://www.instagram.com/p/BWwkCPgAiOU/?taken-by=yma12yui,33
BaRMBL7nLps,yma12yui,http://www.instagram.com/p/BaRMBL7nLps/?taken-by=yma12yui,68
BdFe3EXHeJH,yma12yui,http://www.instagram.com/p/BdFe3EXHeJH/?taken-by=yma12yui,56
BdYOTZCHR90,yma12yui,http://www.instagram.com/p/BdYOTZCHR90/?taken-by=yma12yui,77
Bdod6vjgQpO,yma12yui,http://www.instagram.com/p/Bdod6vjgQpO/?taken-by=yma12yui,59
BfQmFvfnTuO,yma12yui,http://www.instagram.com/p/BfQmFvfnTuO/?taken-by=yma12yui,59
BfKOKbxnavZ,1x8_maho,http://www.instagram.com/p/BfKOKbxnavZ/?taken-by=1x8_maho,152
BfVRXjwH4Au,1x8_maho,http://www.instagram.com/p/BfVRXjwH4Au/?taken-by=1x8_maho,138
BfYWXXVnCWU,1x8_maho,http://www.instagram.com/p/BfYWXXVnCWU/?taken-by=1x8_maho,228
Bfclk8DHN60,1x8_maho,http://www.instagram.com/p/Bfclk8DHN60/?taken-by=1x8_maho,143
BfeuwEGHowR,1x8_maho,http://www.instagram.com/p/BfeuwEGHowR/?taken-by=1x8_maho,117
BfkveRKn-rA,1x8_maho,http://www.instagram.com/p/BfkveRKn-rA/?taken-by=1x8_maho,291
BfnafSTH5Rp,1x8_maho,http://www.instagram.com/p/BfnafSTH5Rp/?taken-by=1x8_maho,212
BfqgmnjH02l,1x8_maho,http://www.instagram.com/p/BfqgmnjH02l/?taken-by=1x8_maho,119
BfrsgBlnkJK,1x8_maho,http://www.instagram.com/p/BfrsgBlnkJK/?taken-by=1x8_maho,180
BftPcwgncuK,1x8_maho,http://www.instagram.com/p/BftPcwgncuK/?taken-by=1x8_maho,140
BeYQAAcjDat,kii__522,http://www.instagram.com/p/BeYQAAcjDat/?taken-by=kii__522,193
Bek0M7vhY3H,kii__522,http://www.instagram.com/p/Bek0M7vhY3H/?taken-by=kii__522,132
BexhYwojOXU,kii__522,http://www.instagram.com/p/BexhYwojOXU/?taken-by=kii__522,123
Be-v7c3jeK1,kii__522,http://www.instagram.com/p/Be-v7c3jeK1/?taken-by=kii__522,202
BfQ5KOvBD5Q,kii__522,http://www.instagram.com/p/BfQ5KOvBD5Q/?taken-by=kii__522,173
Bfe3xRMDaP9,kii__522,http://www.instagram.com/p/Bfe3xRMDaP9/?taken-by=kii__522,121
BfgPc5KDfnw,kii__522,http://www.instagram.com/p/BfgPc5KDfnw/?taken-by=kii__522,181
BflUkNrDo8E,kii__522,http://www.instagram.com/p/BflUkNrDo8E/?taken-by=kii__522,199
BfqSRf0jOUg,kii__522,http://www.instagram.com/p/BfqSRf0jOUg/?taken-by=kii__522,166
Bfi-N5zHIV9,sakibon69,http://www.instagram.com/p/Bfi-N5zHIV9/?taken-by=sakibon69,"2,880"
Bfi-_H3nZZ9,sakibon69,http://www.instagram.com/p/Bfi-_H3nZZ9/?taken-by=sakibon69,"3,408"
Bfmipo7nwRh,sakibon69,http://www.instagram.com/p/Bfmipo7nwRh/?taken-by=sakibon69,448
BfmjgS6H2Mk,sakibon69,http://www.instagram.com/p/BfmjgS6H2Mk/?taken-by=sakibon69,"1,338"
BfnOchcntLF,sakibon69,http://www.instagram.com/p/BfnOchcntLF/?taken-by=sakibon69,"1,175"
BfqNVIFHQrv,sakibon69,http://www.instagram.com/p/BfqNVIFHQrv/?taken-by=sakibon69,"1,595"
BfqN1y1HY6D,sakibon69,http://www.instagram.com/p/BfqN1y1HY6D/?taken-by=sakibon69,"1,516"
Bfsrvg-nw74,sakibon69,http://www.instagram.com/p/Bfsrvg-nw74/?taken-by=sakibon69,"2,043"
Bfu2jRRH-_M,sakibon69,http://www.instagram.com/p/Bfu2jRRH-_M/?taken-by=sakibon69,
BfEDWlbjBU3,kii__522,http://www.instagram.com/p/BfEDWlbjBU3/?taken-by=kii__522,219
BfvMem9nl3w,sakibon69,http://www.instagram.com/p/BfvMem9nl3w/?taken-by=sakibon69,585
BfYOLyTjFkL,kirakira575,http://www.instagram.com/p/BfYOLyTjFkL/?taken-by=kirakira575,567
BfdQp3OjXPj,kirakira575,http://www.instagram.com/p/BfdQp3OjXPj/?taken-by=kirakira575,490
BffgAqoDFhi,kirakira575,http://www.instagram.com/p/BffgAqoDFhi/?taken-by=kirakira575,885
BfgDkG2DMsf,kirakira575,http://www.instagram.com/p/BfgDkG2DMsf/?taken-by=kirakira575,500
BfiAW3jjGQ9,kirakira575,http://www.instagram.com/p/BfiAW3jjGQ9/?taken-by=kirakira575,393
BfDlWqAjq89,kii__522,http://www.instagram.com/p/BfDlWqAjq89/?taken-by=kii__522,139
BfinE_hDS9h,kirakira575,http://www.instagram.com/p/BfinE_hDS9h/?taken-by=kirakira575,513
Bfj3WFvDXML,kirakira575,http://www.instagram.com/p/Bfj3WFvDXML/?taken-by=kirakira575,524
BfqP6qRj0pN,kirakira575,http://www.instagram.com/p/BfqP6qRj0pN/?taken-by=kirakira575,456
Bfs1nRwDBSQ,kirakira575,http://www.instagram.com/p/Bfs1nRwDBSQ/?taken-by=kirakira575,456
BfvUGbtDL0W,kirakira575,http://www.instagram.com/p/BfvUGbtDL0W/?taken-by=kirakira575,412
Be-uo2QAjjx,kanna_kloss,http://www.instagram.com/p/Be-uo2QAjjx/?taken-by=kanna_kloss,55
BfBVySRgCKU,kanna_kloss,http://www.instagram.com/p/BfBVySRgCKU/?taken-by=kanna_kloss,16
BfBYYv0g5J1,kanna_kloss,http://www.instagram.com/p/BfBYYv0g5J1/?taken-by=kanna_kloss,32
BfLKCcbgD0j,kanna_kloss,http://www.instagram.com/p/BfLKCcbgD0j/?taken-by=kanna_kloss,44
BflQ69ogonm,kanna_kloss,http://www.instagram.com/p/BflQ69ogonm/?taken-by=kanna_kloss,35
BflRNybgFf1,kanna_kloss,http://www.instagram.com/p/BflRNybgFf1/?taken-by=kanna_kloss,33
BflRkYUATsC,kanna_kloss,http://www.instagram.com/p/BflRkYUATsC/?taken-by=kanna_kloss,40
Bfqw2hugJhi,kanna_kloss,http://www.instagram.com/p/Bfqw2hugJhi/?taken-by=kanna_kloss,35
BfqxS3qASqX,kanna_kloss,http://www.instagram.com/p/BfqxS3qASqX/?taken-by=kanna_kloss,41
Bfqxzs4A87I,kanna_kloss,http://www.instagram.com/p/Bfqxzs4A87I/?taken-by=kanna_kloss,29
BfOMm6dHFlQ,vmira0306,http://www.instagram.com/p/BfOMm6dHFlQ/?taken-by=vmira0306,473
BfVQ55BhIg5,pipilovepink,http://www.instagram.com/p/BfVQ55BhIg5/?taken-by=pipilovepink,159
BfdD05DhwOK,hazuki.nkjm,http://www.instagram.com/p/BfdD05DhwOK/?taken-by=hazuki.nkjm,448
BfSYZe-h9tH,chikako_2678,http://www.instagram.com/p/BfSYZe-h9tH/?taken-by=chikako_2678,61
BfTbWwmBx57,chikako_2678,http://www.instagram.com/p/BfTbWwmBx57/?taken-by=chikako_2678,
BfTg7DihpQR,chikako_2678,http://www.instagram.com/p/BfTg7DihpQR/?taken-by=chikako_2678,84
Bcl7ox7hkTw,aya_0825,http://www.instagram.com/p/Bcl7ox7hkTw/?taken-by=aya_0825,257
BehWvShHKwq,aska_1031,http://www.instagram.com/p/BehWvShHKwq/?taken-by=aska_1031,130
Bcm1YvFgYkm,okechan__1,http://www.instagram.com/p/Bcm1YvFgYkm/?taken-by=okechan__1,190
BfDvaH8hKXs,yuna_ebs,http://www.instagram.com/p/BfDvaH8hKXs/?taken-by=yuna_ebs,85
BdmpbE8ldE2,_yuuki6v6,http://www.instagram.com/p/BdmpbE8ldE2/?taken-by=_yuuki6v6,156
BduiZ2rFlyU,_yuuki6v6,http://www.instagram.com/p/BduiZ2rFlyU/?taken-by=_yuuki6v6,74
Be0LLSEHa30,sweet_____moon,http://www.instagram.com/p/Be0LLSEHa30/?taken-by=sweet_____moon,125
Be0LpDinIQb,sweet_____moon,http://www.instagram.com/p/Be0LpDinIQb/?taken-by=sweet_____moon,344
BfBVBuAgHM4,ayane_pipi,http://www.instagram.com/p/BfBVBuAgHM4/?taken-by=ayane_pipi,42
Be_24oal4yj,haru__2206,http://www.instagram.com/p/Be_24oal4yj/?taken-by=haru__2206,152
BeaoelHFyZi,micarose_925,http://www.instagram.com/p/BeaoelHFyZi/?taken-by=micarose_925,433
BeiJX9vFKm1,micarose_925,http://www.instagram.com/p/BeiJX9vFKm1/?taken-by=micarose_925,721
BekqCxElkh6,micarose_925,http://www.instagram.com/p/BekqCxElkh6/?taken-by=micarose_925,413
BenYqlLF0hW,micarose_925,http://www.instagram.com/p/BenYqlLF0hW/?taken-by=micarose_925,421
BeuBtrSlLgB,micarose_925,http://www.instagram.com/p/BeuBtrSlLgB/?taken-by=micarose_925,505
Be2oRiDFvHk,micarose_925,http://www.instagram.com/p/Be2oRiDFvHk/?taken-by=micarose_925,266
Be-F-sdlGsl,micarose_925,http://www.instagram.com/p/Be-F-sdlGsl/?taken-by=micarose_925,231
Be-rbLbFX8H,micarose_925,http://www.instagram.com/p/Be-rbLbFX8H/?taken-by=micarose_925,444
BfHz0nWle8X,micarose_925,http://www.instagram.com/p/BfHz0nWle8X/?taken-by=micarose_925,353
BfYMgZflWWy,micarose_925,http://www.instagram.com/p/BfYMgZflWWy/?taken-by=micarose_925,562
Bfa6nVkl-b9,micarose_925,http://www.instagram.com/p/Bfa6nVkl-b9/?taken-by=micarose_925,297
BfszKLnlEno,micarose_925,http://www.instagram.com/p/BfszKLnlEno/?taken-by=micarose_925,304
BfBEjaHFaif,haru__2206,http://www.instagram.com/p/BfBEjaHFaif/?taken-by=haru__2206,100
BfGkDb8lOj9,haru__2206,http://www.instagram.com/p/BfGkDb8lOj9/?taken-by=haru__2206,132
BfH77oYFwvQ,haru__2206,http://www.instagram.com/p/BfH77oYFwvQ/?taken-by=haru__2206,125
BfMsRU_FHnF,haru__2206,http://www.instagram.com/p/BfMsRU_FHnF/?taken-by=haru__2206,376
BfP-ZnvFDn8,haru__2206,http://www.instagram.com/p/BfP-ZnvFDn8/?taken-by=haru__2206,91
BfVFo_EFQzQ,haru__2206,http://www.instagram.com/p/BfVFo_EFQzQ/?taken-by=haru__2206,66
BfckLMFFPx_,haru__2206,http://www.instagram.com/p/BfckLMFFPx_/?taken-by=haru__2206,146
Bfjwog7l6zf,haru__2206,http://www.instagram.com/p/Bfjwog7l6zf/?taken-by=haru__2206,92
BflZCN4FAm4,haru__2206,http://www.instagram.com/p/BflZCN4FAm4/?taken-by=haru__2206,176
BfmWzkYFAHV,haru__2206,http://www.instagram.com/p/BfmWzkYFAHV/?taken-by=haru__2206,79
BfqUNd3FwuU,haru__2206,http://www.instagram.com/p/BfqUNd3FwuU/?taken-by=haru__2206,114
BfChLKngEht,ayane_pipi,http://www.instagram.com/p/BfChLKngEht/?taken-by=ayane_pipi,
BfH4yBbAhFP,ayane_pipi,http://www.instagram.com/p/BfH4yBbAhFP/?taken-by=ayane_pipi,34
BfKeie0gHkR,ayane_pipi,http://www.instagram.com/p/BfKeie0gHkR/?taken-by=ayane_pipi,29
BfVeV0fAPxX,ayane_pipi,http://www.instagram.com/p/BfVeV0fAPxX/?taken-by=ayane_pipi,41
BfmenuGg63W,ayane_pipi,http://www.instagram.com/p/BfmenuGg63W/?taken-by=ayane_pipi,65
Bfm4lADg1Y2,ayane_pipi,http://www.instagram.com/p/Bfm4lADg1Y2/?taken-by=ayane_pipi,38
BfnhkIHAAl-,ayane_pipi,http://www.instagram.com/p/BfnhkIHAAl-/?taken-by=ayane_pipi,43
Bfp3mqFAN8Z,ayane_pipi,http://www.instagram.com/p/Bfp3mqFAN8Z/?taken-by=ayane_pipi,57
BfqLbiRAQoh,ayane_pipi,http://www.instagram.com/p/BfqLbiRAQoh/?taken-by=ayane_pipi,53
Bfsk6eqgFWy,ayane_pipi,http://www.instagram.com/p/Bfsk6eqgFWy/?taken-by=ayane_pipi,53
BfvEgiIgCV3,ayane_pipi,http://www.instagram.com/p/BfvEgiIgCV3/?taken-by=ayane_pipi,71
Be0NGnBnvp8,sweet_____moon,http://www.instagram.com/p/Be0NGnBnvp8/?taken-by=sweet_____moon,55
Be0PWwinDvK,sweet_____moon,http://www.instagram.com/p/Be0PWwinDvK/?taken-by=sweet_____moon,53
Be0SD7AHlAi,sweet_____moon,http://www.instagram.com/p/Be0SD7AHlAi/?taken-by=sweet_____moon,48
Be5EvkeH7Kf,sweet_____moon,http://www.instagram.com/p/Be5EvkeH7Kf/?taken-by=sweet_____moon,417
BfA9NvmHO6c,sweet_____moon,http://www.instagram.com/p/BfA9NvmHO6c/?taken-by=sweet_____moon,233
BfA9wgpnJpW,sweet_____moon,http://www.instagram.com/p/BfA9wgpnJpW/?taken-by=sweet_____moon,108
BfVW_x8nDuk,sweet_____moon,http://www.instagram.com/p/BfVW_x8nDuk/?taken-by=sweet_____moon,31
BfVqPCSHpMR,sweet_____moon,http://www.instagram.com/p/BfVqPCSHpMR/?taken-by=sweet_____moon,63
BflF3x9HJ4o,sweet_____moon,http://www.instagram.com/p/BflF3x9HJ4o/?taken-by=sweet_____moon,51
BfvQUozHpnu,sweet_____moon,http://www.instagram.com/p/BfvQUozHpnu/?taken-by=sweet_____moon,69
BeDG-v9l7E1,_yuuki6v6,http://www.instagram.com/p/BeDG-v9l7E1/?taken-by=_yuuki6v6,70
BePj0cUli3i,_yuuki6v6,http://www.instagram.com/p/BePj0cUli3i/?taken-by=_yuuki6v6,37
BekqdjQFKbt,_yuuki6v6,http://www.instagram.com/p/BekqdjQFKbt/?taken-by=_yuuki6v6,45
Be7vIsdBnDY,_yuuki6v6,http://www.instagram.com/p/Be7vIsdBnDY/?taken-by=_yuuki6v6,43
BfDAN2xBncN,_yuuki6v6,http://www.instagram.com/p/BfDAN2xBncN/?taken-by=_yuuki6v6,52
BfImnSZBXa_,_yuuki6v6,http://www.instagram.com/p/BfImnSZBXa_/?taken-by=_yuuki6v6,46
BfQ5jsTBGfn,_yuuki6v6,http://www.instagram.com/p/BfQ5jsTBGfn/?taken-by=_yuuki6v6,64
BfTbZigBNlG,_yuuki6v6,http://www.instagram.com/p/BfTbZigBNlG/?taken-by=_yuuki6v6,53
BfgJ_vbhN1Y,_yuuki6v6,http://www.instagram.com/p/BfgJ_vbhN1Y/?taken-by=_yuuki6v6,34
BfuiPZihBO8,_yuuki6v6,http://www.instagram.com/p/BfuiPZihBO8/?taken-by=_yuuki6v6,64
BfIsBL1Bn9F,yuna_ebs,http://www.instagram.com/p/BfIsBL1Bn9F/?taken-by=yuna_ebs,83
BfS_molBYug,yuna_ebs,http://www.instagram.com/p/BfS_molBYug/?taken-by=yuna_ebs,51
BfVrcUiBx1x,yuna_ebs,http://www.instagram.com/p/BfVrcUiBx1x/?taken-by=yuna_ebs,53
BfVusmYBraX,yuna_ebs,http://www.instagram.com/p/BfVusmYBraX/?taken-by=yuna_ebs,44
BfX1ycThQsU,yuna_ebs,http://www.instagram.com/p/BfX1ycThQsU/?taken-by=yuna_ebs,51
BfYEOTAhwPK,yuna_ebs,http://www.instagram.com/p/BfYEOTAhwPK/?taken-by=yuna_ebs,47
BfYN86cBa0f,yuna_ebs,http://www.instagram.com/p/BfYN86cBa0f/?taken-by=yuna_ebs,50
Bfaw989hOg5,yuna_ebs,http://www.instagram.com/p/Bfaw989hOg5/?taken-by=yuna_ebs,57
BfgGXeVh9uP,yuna_ebs,http://www.instagram.com/p/BfgGXeVh9uP/?taken-by=yuna_ebs,63
BfnhrW-BQI2,yuna_ebs,http://www.instagram.com/p/BfnhrW-BQI2/?taken-by=yuna_ebs,48
BfqQpZpB_Zn,yuna_ebs,http://www.instagram.com/p/BfqQpZpB_Zn/?taken-by=yuna_ebs,57
BcrdbaEgARj,okechan__1,http://www.instagram.com/p/BcrdbaEgARj/?taken-by=okechan__1,215
BctxNROA5d1,okechan__1,http://www.instagram.com/p/BctxNROA5d1/?taken-by=okechan__1,207
BdOvfphg2E1,okechan__1,http://www.instagram.com/p/BdOvfphg2E1/?taken-by=okechan__1,129
BdebVLTgsRg,okechan__1,http://www.instagram.com/p/BdebVLTgsRg/?taken-by=okechan__1,152
BeGBHxCgGck,okechan__1,http://www.instagram.com/p/BeGBHxCgGck/?taken-by=okechan__1,250
BeJ7uVkAH3r,okechan__1,http://www.instagram.com/p/BeJ7uVkAH3r/?taken-by=okechan__1,225
BeqHwepAMC4,okechan__1,http://www.instagram.com/p/BeqHwepAMC4/?taken-by=okechan__1,180
BfQ3653gVzR,okechan__1,http://www.instagram.com/p/BfQ3653gVzR/?taken-by=okechan__1,160
BfVSWQYACJf,okechan__1,http://www.instagram.com/p/BfVSWQYACJf/?taken-by=okechan__1,191
Bfi7h7cgimY,okechan__1,http://www.instagram.com/p/Bfi7h7cgimY/?taken-by=okechan__1,229
Bfqaw4JAIMu,okechan__1,http://www.instagram.com/p/Bfqaw4JAIMu/?taken-by=okechan__1,186
Bej-V3jHVGA,aska_1031,http://www.instagram.com/p/Bej-V3jHVGA/?taken-by=aska_1031,161
BenfaW2HAGw,aska_1031,http://www.instagram.com/p/BenfaW2HAGw/?taken-by=aska_1031,88
BexcJFnnqSS,aska_1031,http://www.instagram.com/p/BexcJFnnqSS/?taken-by=aska_1031,108
Be2PMkPnLy7,aska_1031,http://www.instagram.com/p/Be2PMkPnLy7/?taken-by=aska_1031,112
BfCpLUdnSd_,aska_1031,http://www.instagram.com/p/BfCpLUdnSd_/?taken-by=aska_1031,153
BfLh5bhnedU,aska_1031,http://www.instagram.com/p/BfLh5bhnedU/?taken-by=aska_1031,149
BfSjCzGHBXb,aska_1031,http://www.instagram.com/p/BfSjCzGHBXb/?taken-by=aska_1031,101
BffQpL4nZQF,aska_1031,http://www.instagram.com/p/BffQpL4nZQF/?taken-by=aska_1031,114
BfnFqffnlJx,aska_1031,http://www.instagram.com/p/BfnFqffnlJx/?taken-by=aska_1031,114
Bfo-axUHUYT,aska_1031,http://www.instagram.com/p/Bfo-axUHUYT/?taken-by=aska_1031,100
BftDaRCHs8c,aska_1031,http://www.instagram.com/p/BftDaRCHs8c/?taken-by=aska_1031,98
BdXWcZOhe_I,aya_0825,http://www.instagram.com/p/BdXWcZOhe_I/?taken-by=aya_0825,267
BdZ1BN-BL4W,aya_0825,http://www.instagram.com/p/BdZ1BN-BL4W/?taken-by=aya_0825,242
BdsE1qGB9zI,aya_0825,http://www.instagram.com/p/BdsE1qGB9zI/?taken-by=aya_0825,311
Bdt3eCMh_BN,aya_0825,http://www.instagram.com/p/Bdt3eCMh_BN/?taken-by=aya_0825,188
BdxJyHDhFss,aya_0825,http://www.instagram.com/p/BdxJyHDhFss/?taken-by=aya_0825,309
Bd7ATZqBSjF,aya_0825,http://www.instagram.com/p/Bd7ATZqBSjF/?taken-by=aya_0825,215
BeK19Qdhweb,aya_0825,http://www.instagram.com/p/BeK19Qdhweb/?taken-by=aya_0825,232
Bez1z9qhsPb,aya_0825,http://www.instagram.com/p/Bez1z9qhsPb/?taken-by=aya_0825,226
Be7_2vph21K,aya_0825,http://www.instagram.com/p/Be7_2vph21K/?taken-by=aya_0825,219
BflHdn0BiVx,aya_0825,http://www.instagram.com/p/BflHdn0BiVx/?taken-by=aya_0825,179
BfvaDz6h-sU,aya_0825,http://www.instagram.com/p/BfvaDz6h-sU/?taken-by=aya_0825,162
BfThS1IhFdJ,chikako_2678,http://www.instagram.com/p/BfThS1IhFdJ/?taken-by=chikako_2678,
BfUbdaHBa6R,chikako_2678,http://www.instagram.com/p/BfUbdaHBa6R/?taken-by=chikako_2678,84
BfZndjhh4Q5,chikako_2678,http://www.instagram.com/p/BfZndjhh4Q5/?taken-by=chikako_2678,80
BfZp21MhsLi,chikako_2678,http://www.instagram.com/p/BfZp21MhsLi/?taken-by=chikako_2678,85
Bfdr6jbBuzJ,chikako_2678,http://www.instagram.com/p/Bfdr6jbBuzJ/?taken-by=chikako_2678,
BffOBVwBN0o,chikako_2678,http://www.instagram.com/p/BffOBVwBN0o/?taken-by=chikako_2678,80
BfkZu8DBbHA,chikako_2678,http://www.instagram.com/p/BfkZu8DBbHA/?taken-by=chikako_2678,12
BfkiQe-hOhU,chikako_2678,http://www.instagram.com/p/BfkiQe-hOhU/?taken-by=chikako_2678,
Bfn8_9rhENe,chikako_2678,http://www.instagram.com/p/Bfn8_9rhENe/?taken-by=chikako_2678,90
Bfe-reoh_Rd,hazuki.nkjm,http://www.instagram.com/p/Bfe-reoh_Rd/?taken-by=hazuki.nkjm,542
Bfh1MiVBgHE,hazuki.nkjm,http://www.instagram.com/p/Bfh1MiVBgHE/?taken-by=hazuki.nkjm,453
BfiJhjihpgH,hazuki.nkjm,http://www.instagram.com/p/BfiJhjihpgH/?taken-by=hazuki.nkjm,387
BfkBY05Bj04,hazuki.nkjm,http://www.instagram.com/p/BfkBY05Bj04/?taken-by=hazuki.nkjm,469
Bfk0YIMBaDb,hazuki.nkjm,http://www.instagram.com/p/Bfk0YIMBaDb/?taken-by=hazuki.nkjm,513
Bfmk58ZBQQC,hazuki.nkjm,http://www.instagram.com/p/Bfmk58ZBQQC/?taken-by=hazuki.nkjm,573
BfpLlsJhfgF,hazuki.nkjm,http://www.instagram.com/p/BfpLlsJhfgF/?taken-by=hazuki.nkjm,533
BfqNYXKhKkM,hazuki.nkjm,http://www.instagram.com/p/BfqNYXKhKkM/?taken-by=hazuki.nkjm,499
BfrmYpTBvBE,hazuki.nkjm,http://www.instagram.com/p/BfrmYpTBvBE/?taken-by=hazuki.nkjm,410
BfuvK8Ohzdp,hazuki.nkjm,http://www.instagram.com/p/BfuvK8Ohzdp/?taken-by=hazuki.nkjm,553
BfvV5lMBG7z,hazuki.nkjm,http://www.instagram.com/p/BfvV5lMBG7z/?taken-by=hazuki.nkjm,482
BfVhPiDBmK5,pipilovepink,http://www.instagram.com/p/BfVhPiDBmK5/?taken-by=pipilovepink,218
BfX8aFfhrcA,pipilovepink,http://www.instagram.com/p/BfX8aFfhrcA/?taken-by=pipilovepink,389
Bfab4-OB09N,pipilovepink,http://www.instagram.com/p/Bfab4-OB09N/?taken-by=pipilovepink,261
BfdADa9hm2A,pipilovepink,http://www.instagram.com/p/BfdADa9hm2A/?taken-by=pipilovepink,538
BffkWRBhf4a,pipilovepink,http://www.instagram.com/p/BffkWRBhf4a/?taken-by=pipilovepink,242
BfiJc7EBBpT,pipilovepink,http://www.instagram.com/p/BfiJc7EBBpT/?taken-by=pipilovepink,322
BfkzABPhmmQ,pipilovepink,http://www.instagram.com/p/BfkzABPhmmQ/?taken-by=pipilovepink,331
Bfn0_m5hRbb,pipilovepink,http://www.instagram.com/p/Bfn0_m5hRbb/?taken-by=pipilovepink,186
Bfp71g3BZAo,pipilovepink,http://www.instagram.com/p/Bfp71g3BZAo/?taken-by=pipilovepink,445
Bfsia8_hSpi,pipilovepink,http://www.instagram.com/p/Bfsia8_hSpi/?taken-by=pipilovepink,"1,050"
BfvEWnPB4ka,pipilovepink,http://www.instagram.com/p/BfvEWnPB4ka/?taken-by=pipilovepink,173
BfQnXQCn7Ej,vmira0306,http://www.instagram.com/p/BfQnXQCn7Ej/?taken-by=vmira0306,476
BfTdHOinTzW,vmira0306,http://www.instagram.com/p/BfTdHOinTzW/?taken-by=vmira0306,476
BfatIWLHt5Y,vmira0306,http://www.instagram.com/p/BfatIWLHt5Y/?taken-by=vmira0306,385
BfdCvp6nibz,vmira0306,http://www.instagram.com/p/BfdCvp6nibz/?taken-by=vmira0306,453
BffmEUxHBV2,vmira0306,http://www.instagram.com/p/BffmEUxHBV2/?taken-by=vmira0306,323
Bfh81kPHTC3,vmira0306,http://www.instagram.com/p/Bfh81kPHTC3/?taken-by=vmira0306,509
BflJaRQnvrf,vmira0306,http://www.instagram.com/p/BflJaRQnvrf/?taken-by=vmira0306,631
BfnKbrAHg0K,vmira0306,http://www.instagram.com/p/BfnKbrAHg0K/?taken-by=vmira0306,514
BfpSkOyH-zl,vmira0306,http://www.instagram.com/p/BfpSkOyH-zl/?taken-by=vmira0306,350
BftAJMUHxjd,vmira0306,http://www.instagram.com/p/BftAJMUHxjd/?taken-by=vmira0306,446
BfxATNgHV4f,vmira0306,http://www.instagram.com/p/BfxATNgHV4f/?taken-by=vmira0306,311
Be5pKOLAIKG,12.uuuk,http://www.instagram.com/p/Be5pKOLAIKG/?taken-by=12.uuuk,208
BfWGV2SgpCC,lamourenrose.taka,http://www.instagram.com/p/BfWGV2SgpCC/?taken-by=lamourenrose.taka,212
BfXBlxAgdJz,lamourenrose.taka,http://www.instagram.com/p/BfXBlxAgdJz/?taken-by=lamourenrose.taka,128
BYQRwLzA1HQ,mion.t.0601,http://www.instagram.com/p/BYQRwLzA1HQ/?taken-by=mion.t.0601,
BfaDSFZhpfV,itoumei,http://www.instagram.com/p/BfaDSFZhpfV/?taken-by=itoumei,198
BfcY7uXBAbq,itoumei,http://www.instagram.com/p/BfcY7uXBAbq/?taken-by=itoumei,310
Bfe9eXzhH-u,itoumei,http://www.instagram.com/p/Bfe9eXzhH-u/?taken-by=itoumei,267
BfBG_i8AWSv,annakobe_,http://www.instagram.com/p/BfBG_i8AWSv/?taken-by=annakobe_,506
Bfa6jBdjIjA,manatmnt0116,http://www.instagram.com/p/Bfa6jBdjIjA/?taken-by=manatmnt0116,341
BfJGDUanzW7,kanaru_u,http://www.instagram.com/p/BfJGDUanzW7/?taken-by=kanaru_u,26
BfOO9fOHKbi,kanaru_u,http://www.instagram.com/p/BfOO9fOHKbi/?taken-by=kanaru_u,70
BfU_QCyhn5X,sylphide831,http://www.instagram.com/p/BfU_QCyhn5X/?taken-by=sylphide831,34
BfU_ZMXhaxB,sylphide831,http://www.instagram.com/p/BfU_ZMXhaxB/?taken-by=sylphide831,23
BX-fXe1DvcI,yuka_x0v0x_,http://www.instagram.com/p/BX-fXe1DvcI/?taken-by=yuka_x0v0x_,92
Bfn14PagjaC,iicecream_10,http://www.instagram.com/p/Bfn14PagjaC/?taken-by=iicecream_10,238
Bfn2aEfAbh0,iicecream_10,http://www.instagram.com/p/Bfn2aEfAbh0/?taken-by=iicecream_10,188
BQs-LSWFk9i,shions_hobby,http://www.instagram.com/p/BQs-LSWFk9i/?taken-by=shions_hobby,
BRzeo73lXaw,shions_hobby,http://www.instagram.com/p/BRzeo73lXaw/?taken-by=shions_hobby,
BRzer9sFQ6V,shions_hobby,http://www.instagram.com/p/BRzer9sFQ6V/?taken-by=shions_hobby,
BUmojDkF2us,shions_hobby,http://www.instagram.com/p/BUmojDkF2us/?taken-by=shions_hobby,
BV_VYkwlLSn,shions_hobby,http://www.instagram.com/p/BV_VYkwlLSn/?taken-by=shions_hobby,
BWPwmWYFjT7,shions_hobby,http://www.instagram.com/p/BWPwmWYFjT7/?taken-by=shions_hobby,
BWe1IaLFZ7W,shions_hobby,http://www.instagram.com/p/BWe1IaLFZ7W/?taken-by=shions_hobby,
BWz3fmUlQce,shions_hobby,http://www.instagram.com/p/BWz3fmUlQce/?taken-by=shions_hobby,
BZOL5vcl2dW,shions_hobby,http://www.instagram.com/p/BZOL5vcl2dW/?taken-by=shions_hobby,
BZaiaDBlvWd,shions_hobby,http://www.instagram.com/p/BZaiaDBlvWd/?taken-by=shions_hobby,
Ba3UNbAFyXN,shions_hobby,http://www.instagram.com/p/Ba3UNbAFyXN/?taken-by=shions_hobby,
BeJfCEVgdMz,shions_hobby,http://www.instagram.com/p/BeJfCEVgdMz/?taken-by=shions_hobby,
Bfn3cGaAUHO,iicecream_10,http://www.instagram.com/p/Bfn3cGaAUHO/?taken-by=iicecream_10,202
Bfn4bKmgYcI,iicecream_10,http://www.instagram.com/p/Bfn4bKmgYcI/?taken-by=iicecream_10,180
Bfn5KEigoE8,iicecream_10,http://www.instagram.com/p/Bfn5KEigoE8/?taken-by=iicecream_10,218
Bfn6VH-gtFe,iicecream_10,http://www.instagram.com/p/Bfn6VH-gtFe/?taken-by=iicecream_10,176
Bfn7AgpAjwm,iicecream_10,http://www.instagram.com/p/Bfn7AgpAjwm/?taken-by=iicecream_10,199
BfpN948AbNf,iicecream_10,http://www.instagram.com/p/BfpN948AbNf/?taken-by=iicecream_10,181
BfsxBogALYt,iicecream_10,http://www.instagram.com/p/BfsxBogALYt/?taken-by=iicecream_10,225
Bfu08DlAJNG,iicecream_10,http://www.instagram.com/p/Bfu08DlAJNG/?taken-by=iicecream_10,186
BfvBkQoATzN,iicecream_10,http://www.instagram.com/p/BfvBkQoATzN/?taken-by=iicecream_10,210
BfvKZnggMTm,iicecream_10,http://www.instagram.com/p/BfvKZnggMTm/?taken-by=iicecream_10,190
BZqGATqDUpU,yuka_x0v0x_,http://www.instagram.com/p/BZqGATqDUpU/?taken-by=yuka_x0v0x_,68
BZsawewD9eg,yuka_x0v0x_,http://www.instagram.com/p/BZsawewD9eg/?taken-by=yuka_x0v0x_,96
BZ8DH9LDinT,yuka_x0v0x_,http://www.instagram.com/p/BZ8DH9LDinT/?taken-by=yuka_x0v0x_,94
BaWD-zEjswp,yuka_x0v0x_,http://www.instagram.com/p/BaWD-zEjswp/?taken-by=yuka_x0v0x_,82
BaaDmojjXDu,yuka_x0v0x_,http://www.instagram.com/p/BaaDmojjXDu/?taken-by=yuka_x0v0x_,91
BbEkI1mjEfM,yuka_x0v0x_,http://www.instagram.com/p/BbEkI1mjEfM/?taken-by=yuka_x0v0x_,97
Bc4bYuEjVvd,yuka_x0v0x_,http://www.instagram.com/p/Bc4bYuEjVvd/?taken-by=yuka_x0v0x_,90
BdSY7m5jkRX,yuka_x0v0x_,http://www.instagram.com/p/BdSY7m5jkRX/?taken-by=yuka_x0v0x_,92
BeRfpb8Ddrb,yuka_x0v0x_,http://www.instagram.com/p/BeRfpb8Ddrb/?taken-by=yuka_x0v0x_,98
BfCY-RsjoL2,yuka_x0v0x_,http://www.instagram.com/p/BfCY-RsjoL2/?taken-by=yuka_x0v0x_,104
BfFEjASj7-Y,yuka_x0v0x_,http://www.instagram.com/p/BfFEjASj7-Y/?taken-by=yuka_x0v0x_,91
BfgPuqRB_fZ,sylphide831,http://www.instagram.com/p/BfgPuqRB_fZ/?taken-by=sylphide831,12
BfgQU4MBMaZ,sylphide831,http://www.instagram.com/p/BfgQU4MBMaZ/?taken-by=sylphide831,
BfkjcxvhVYy,sylphide831,http://www.instagram.com/p/BfkjcxvhVYy/?taken-by=sylphide831,18
BflPug3BOLu,sylphide831,http://www.instagram.com/p/BflPug3BOLu/?taken-by=sylphide831,29
BfmrFYahpEl,sylphide831,http://www.instagram.com/p/BfmrFYahpEl/?taken-by=sylphide831,18
BfnwsgNBbiw,sylphide831,http://www.instagram.com/p/BfnwsgNBbiw/?taken-by=sylphide831,23
BftKJvwhqii,sylphide831,http://www.instagram.com/p/BftKJvwhqii/?taken-by=sylphide831,27
BftKnCjByQo,sylphide831,http://www.instagram.com/p/BftKnCjByQo/?taken-by=sylphide831,19
BftK2lsBfBZ,sylphide831,http://www.instagram.com/p/BftK2lsBfBZ/?taken-by=sylphide831,31
BfvYs5ihc8y,sylphide831,http://www.instagram.com/p/BfvYs5ihc8y/?taken-by=sylphide831,
BfQ38tWHUMr,kanaru_u,http://www.instagram.com/p/BfQ38tWHUMr/?taken-by=kanaru_u,70
BfTeg2JHpV2,kanaru_u,http://www.instagram.com/p/BfTeg2JHpV2/?taken-by=kanaru_u,59
BfWHB5CHKGx,kanaru_u,http://www.instagram.com/p/BfWHB5CHKGx/?taken-by=kanaru_u,57
BfYvM5RHcnh,kanaru_u,http://www.instagram.com/p/BfYvM5RHcnh/?taken-by=kanaru_u,44
BfgPZ6nnEzr,kanaru_u,http://www.instagram.com/p/BfgPZ6nnEzr/?taken-by=kanaru_u,23
Bfi1qyZnGP8,kanaru_u,http://www.instagram.com/p/Bfi1qyZnGP8/?taken-by=kanaru_u,40
Bfleo1gHygG,kanaru_u,http://www.instagram.com/p/Bfleo1gHygG/?taken-by=kanaru_u,63
BftZxADnJMf,kanaru_u,http://www.instagram.com/p/BftZxADnJMf/?taken-by=kanaru_u,28
BftaEI3HqkQ,kanaru_u,http://www.instagram.com/p/BftaEI3HqkQ/?taken-by=kanaru_u,73
BfvvGuHHTXT,kanaru_u,http://www.instagram.com/p/BfvvGuHHTXT/?taken-by=kanaru_u,49
BfdTScODn4_,manatmnt0116,http://www.instagram.com/p/BfdTScODn4_/?taken-by=manatmnt0116,398
Bffz_xRDhF8,manatmnt0116,http://www.instagram.com/p/Bffz_xRDhF8/?taken-by=manatmnt0116,469
BfiJa5IDXbp,manatmnt0116,http://www.instagram.com/p/BfiJa5IDXbp/?taken-by=manatmnt0116,467
BfiSgAzjaxS,manatmnt0116,http://www.instagram.com/p/BfiSgAzjaxS/?taken-by=manatmnt0116,412
BfkvZmej1uF,manatmnt0116,http://www.instagram.com/p/BfkvZmej1uF/?taken-by=manatmnt0116,
Bfk1rIxDGoS,manatmnt0116,http://www.instagram.com/p/Bfk1rIxDGoS/?taken-by=manatmnt0116,608
Bfk2KKIjPqN,manatmnt0116,http://www.instagram.com/p/Bfk2KKIjPqN/?taken-by=manatmnt0116,636
Bfk2RXzDaMJ,manatmnt0116,http://www.instagram.com/p/Bfk2RXzDaMJ/?taken-by=manatmnt0116,193
BfnsC7xjE7k,manatmnt0116,http://www.instagram.com/p/BfnsC7xjE7k/?taken-by=manatmnt0116,431
BfpSVAMjUuj,manatmnt0116,http://www.instagram.com/p/BfpSVAMjUuj/?taken-by=manatmnt0116,368
BfvcBMMDSAm,manatmnt0116,http://www.instagram.com/p/BfvcBMMDSAm/?taken-by=manatmnt0116,287
BfDVEcvAEmV,annakobe_,http://www.instagram.com/p/BfDVEcvAEmV/?taken-by=annakobe_,
BfGRzLRgDFz,annakobe_,http://www.instagram.com/p/BfGRzLRgDFz/?taken-by=annakobe_,376
BfIziqQgC4d,annakobe_,http://www.instagram.com/p/BfIziqQgC4d/?taken-by=annakobe_,465
BfLXiFQAbm4,annakobe_,http://www.instagram.com/p/BfLXiFQAbm4/?taken-by=annakobe_,298
BfN99ZxAn3L,annakobe_,http://www.instagram.com/p/BfN99ZxAn3L/?taken-by=annakobe_,390
BfVWy9WgbP_,annakobe_,http://www.instagram.com/p/BfVWy9WgbP_/?taken-by=annakobe_,422
BfYRbh8ATn2,annakobe_,http://www.instagram.com/p/BfYRbh8ATn2/?taken-by=annakobe_,422
BfdX8A6geFU,annakobe_,http://www.instagram.com/p/BfdX8A6geFU/?taken-by=annakobe_,
Bff-M5UAPG3,annakobe_,http://www.instagram.com/p/Bff-M5UAPG3/?taken-by=annakobe_,533
BflJfk-gXio,annakobe_,http://www.instagram.com/p/BflJfk-gXio/?taken-by=annakobe_,
Bfs3H_IAuAN,annakobe_,http://www.instagram.com/p/Bfs3H_IAuAN/?taken-by=annakobe_,220
BfhlRm2h3m8,itoumei,http://www.instagram.com/p/BfhlRm2h3m8/?taken-by=itoumei,239
BfkDGAABmtK,itoumei,http://www.instagram.com/p/BfkDGAABmtK/?taken-by=itoumei,207
Bfkvf1LhJcM,itoumei,http://www.instagram.com/p/Bfkvf1LhJcM/?taken-by=itoumei,237
Bfmt8TJBh0R,itoumei,http://www.instagram.com/p/Bfmt8TJBh0R/?taken-by=itoumei,205
BfnipJohZWr,itoumei,http://www.instagram.com/p/BfnipJohZWr/?taken-by=itoumei,253
Bfo8rmKBtp3,itoumei,http://www.instagram.com/p/Bfo8rmKBtp3/?taken-by=itoumei,210
BfsthUIB7i6,itoumei,http://www.instagram.com/p/BfsthUIB7i6/?taken-by=itoumei,171
BfvbhqVBeGG,itoumei,http://www.instagram.com/p/BfvbhqVBeGG/?taken-by=itoumei,197
BfxAGfhBIpl,itoumei,http://www.instagram.com/p/BfxAGfhBIpl/?taken-by=itoumei,82
BYYFib4gkvV,mion.t.0601,http://www.instagram.com/p/BYYFib4gkvV/?taken-by=mion.t.0601,
BYiXIhXg8ny,mion.t.0601,http://www.instagram.com/p/BYiXIhXg8ny/?taken-by=mion.t.0601,
BZLiBv0A_DS,mion.t.0601,http://www.instagram.com/p/BZLiBv0A_DS/?taken-by=mion.t.0601,11
BZXyZLMguxz,mion.t.0601,http://www.instagram.com/p/BZXyZLMguxz/?taken-by=mion.t.0601,13
BaXzYkqAP2J,mion.t.0601,http://www.instagram.com/p/BaXzYkqAP2J/?taken-by=mion.t.0601,16
Ba4LmRfA4Os,mion.t.0601,http://www.instagram.com/p/Ba4LmRfA4Os/?taken-by=mion.t.0601,11
BbUf_5_g2LO,mion.t.0601,http://www.instagram.com/p/BbUf_5_g2LO/?taken-by=mion.t.0601,16
BdX4GbOHJnT,mion.t.0601,http://www.instagram.com/p/BdX4GbOHJnT/?taken-by=mion.t.0601,32
Bd-uOtsgPwY,mion.t.0601,http://www.instagram.com/p/Bd-uOtsgPwY/?taken-by=mion.t.0601,29
BfcRXyABMFz,mion.t.0601,http://www.instagram.com/p/BfcRXyABMFz/?taken-by=mion.t.0601,24
BfcSXRShGlp,mion.t.0601,http://www.instagram.com/p/BfcSXRShGlp/?taken-by=mion.t.0601,38
BfXcRrmAdsL,lamourenrose.taka,http://www.instagram.com/p/BfXcRrmAdsL/?taken-by=lamourenrose.taka,163
BfYoasEAdH0,lamourenrose.taka,http://www.instagram.com/p/BfYoasEAdH0/?taken-by=lamourenrose.taka,345
BfdZn9mA1HW,lamourenrose.taka,http://www.instagram.com/p/BfdZn9mA1HW/?taken-by=lamourenrose.taka,200
BfitDC-gJ0B,lamourenrose.taka,http://www.instagram.com/p/BfitDC-gJ0B/?taken-by=lamourenrose.taka,90
Bfj_XpDA220,lamourenrose.taka,http://www.instagram.com/p/Bfj_XpDA220/?taken-by=lamourenrose.taka,132
BfnVPCMAvto,lamourenrose.taka,http://www.instagram.com/p/BfnVPCMAvto/?taken-by=lamourenrose.taka,73
BfqRkPJAwyL,lamourenrose.taka,http://www.instagram.com/p/BfqRkPJAwyL/?taken-by=lamourenrose.taka,104
BfqtB57g5rV,lamourenrose.taka,http://www.instagram.com/p/BfqtB57g5rV/?taken-by=lamourenrose.taka,146
Bfsq09Fghnk,lamourenrose.taka,http://www.instagram.com/p/Bfsq09Fghnk/?taken-by=lamourenrose.taka,69
Bfs0ET-AhPR,lamourenrose.taka,http://www.instagram.com/p/Bfs0ET-AhPR/?taken-by=lamourenrose.taka,44
Be6j6udAREc,12.uuuk,http://www.instagram.com/p/Be6j6udAREc/?taken-by=12.uuuk,288
Be9JUXhAj-n,12.uuuk,http://www.instagram.com/p/Be9JUXhAj-n/?taken-by=12.uuuk,246
BfBBkkDg3TG,12.uuuk,http://www.instagram.com/p/BfBBkkDg3TG/?taken-by=12.uuuk,203
BfDvTcvA6HH,12.uuuk,http://www.instagram.com/p/BfDvTcvA6HH/?taken-by=12.uuuk,177
BfFYzAlAACk,12.uuuk,http://www.instagram.com/p/BfFYzAlAACk/?taken-by=12.uuuk,119
BfJCmQlgDrK,12.uuuk,http://www.instagram.com/p/BfJCmQlgDrK/?taken-by=12.uuuk,187
BfLCaQyAkuH,12.uuuk,http://www.instagram.com/p/BfLCaQyAkuH/?taken-by=12.uuuk,217
BfN2zd8gK-2,12.uuuk,http://www.instagram.com/p/BfN2zd8gK-2/?taken-by=12.uuuk,266
BfYN5RFARUy,12.uuuk,http://www.instagram.com/p/BfYN5RFARUy/?taken-by=12.uuuk,131
BfhMypTARtQ,12.uuuk,http://www.instagram.com/p/BfhMypTARtQ/?taken-by=12.uuuk,174
BfvqY5iAszC,12.uuuk,http://www.instagram.com/p/BfvqY5iAszC/?taken-by=12.uuuk,154
BehNoWZhuas,emilyswift13,http://www.instagram.com/p/BehNoWZhuas/?taken-by=emilyswift13,92
BexV6w2hNly,emilyswift13,http://www.instagram.com/p/BexV6w2hNly/?taken-by=emilyswift13,52
BexWMKKhHjW,emilyswift13,http://www.instagram.com/p/BexWMKKhHjW/?taken-by=emilyswift13,41
BexXLLZhxwf,emilyswift13,http://www.instagram.com/p/BexXLLZhxwf/?taken-by=emilyswift13,29
BfBGfqvhmY6,emilyswift13,http://www.instagram.com/p/BfBGfqvhmY6/?taken-by=emilyswift13,30
BfBHZXohL1S,emilyswift13,http://www.instagram.com/p/BfBHZXohL1S/?taken-by=emilyswift13,13
BdupEoTH_GX,jill___princess,http://www.instagram.com/p/BdupEoTH_GX/?taken-by=jill___princess,137
BdxXXeNH4JR,jill___princess,http://www.instagram.com/p/BdxXXeNH4JR/?taken-by=jill___princess,412
Bd5Cjh7H56I,jill___princess,http://www.instagram.com/p/Bd5Cjh7H56I/?taken-by=jill___princess,219
Bfc-q1AhW7K,harubiyori3,http://www.instagram.com/p/Bfc-q1AhW7K/?taken-by=harubiyori3,20
Bb0ZS_ihOyJ,32_honoka,http://www.instagram.com/p/Bb0ZS_ihOyJ/?taken-by=32_honoka,43
Benjp7LDpbY,punidoll,http://www.instagram.com/p/Benjp7LDpbY/?taken-by=punidoll,"1,406"
BenQqJ3htRZ,hikatan_n,http://www.instagram.com/p/BenQqJ3htRZ/?taken-by=hikatan_n,63
BesUWBxBxNM,hikatan_n,http://www.instagram.com/p/BesUWBxBxNM/?taken-by=hikatan_n,57
Be29nbehzVQ,hikatan_n,http://www.instagram.com/p/Be29nbehzVQ/?taken-by=hikatan_n,53
BfAQrS5Bxk2,hikatan_n,http://www.instagram.com/p/BfAQrS5Bxk2/?taken-by=hikatan_n,51
Bd2h4ZcA4fX,hona_gram,http://www.instagram.com/p/Bd2h4ZcA4fX/?taken-by=hona_gram,26
Bd2illwAOMT,hona_gram,http://www.instagram.com/p/Bd2illwAOMT/?taken-by=hona_gram,45
Bd4a-IFgSD4,hona_gram,http://www.instagram.com/p/Bd4a-IFgSD4/?taken-by=hona_gram,20
Bd99gQ1Fr2w,hona_gram,http://www.instagram.com/p/Bd99gQ1Fr2w/?taken-by=hona_gram,15
BeDCPyLFv-W,hona_gram,http://www.instagram.com/p/BeDCPyLFv-W/?taken-by=hona_gram,30
BefHUIclf07,hona_gram,http://www.instagram.com/p/BefHUIclf07/?taken-by=hona_gram,24
BekfQZCltrf,hona_gram,http://www.instagram.com/p/BekfQZCltrf/?taken-by=hona_gram,27
BexTKO7Fwsw,hona_gram,http://www.instagram.com/p/BexTKO7Fwsw/?taken-by=hona_gram,22
BexT-_RF-Oa,hona_gram,http://www.instagram.com/p/BexT-_RF-Oa/?taken-by=hona_gram,30
BfCiCWqlDRD,hona_gram,http://www.instagram.com/p/BfCiCWqlDRD/?taken-by=hona_gram,
BfCiSa6FdCy,hona_gram,http://www.instagram.com/p/BfCiSa6FdCy/?taken-by=hona_gram,
Bfsrtz5FtCV,hona_gram,http://www.instagram.com/p/Bfsrtz5FtCV/?taken-by=hona_gram,
BfFIUdrhwKh,hikatan_n,http://www.instagram.com/p/BfFIUdrhwKh/?taken-by=hikatan_n,45
BfI0FMJhbV7,hikatan_n,http://www.instagram.com/p/BfI0FMJhbV7/?taken-by=hikatan_n,68
BfLDtfTBtYp,hikatan_n,http://www.instagram.com/p/BfLDtfTBtYp/?taken-by=hikatan_n,75
BfQQJYAhD8L,hikatan_n,http://www.instagram.com/p/BfQQJYAhD8L/?taken-by=hikatan_n,70
BfdHi28BKtq,hikatan_n,http://www.instagram.com/p/BfdHi28BKtq/?taken-by=hikatan_n,46
BfiO8Z-BzRe,hikatan_n,http://www.instagram.com/p/BfiO8Z-BzRe/?taken-by=hikatan_n,50
BfqDOlWB3nF,hikatan_n,http://www.instagram.com/p/BfqDOlWB3nF/?taken-by=hikatan_n,53
BfqEACgBoir,hikatan_n,http://www.instagram.com/p/BfqEACgBoir/?taken-by=hikatan_n,61
Bepw2B8DrP8,punidoll,http://www.instagram.com/p/Bepw2B8DrP8/?taken-by=punidoll,"1,269"
Be-YP-kD-iD,punidoll,http://www.instagram.com/p/Be-YP-kD-iD/?taken-by=punidoll,942
BfLglMKD1pa,punidoll,http://www.instagram.com/p/BfLglMKD1pa/?taken-by=punidoll,701
BfPjb__Dex8,punidoll,http://www.instagram.com/p/BfPjb__Dex8/?taken-by=punidoll,620
BfUpQObjmSq,punidoll,http://www.instagram.com/p/BfUpQObjmSq/?taken-by=punidoll,593
BfdVuYSDWvA,punidoll,http://www.instagram.com/p/BfdVuYSDWvA/?taken-by=punidoll,916
BfkWkLMDSE5,punidoll,http://www.instagram.com/p/BfkWkLMDSE5/?taken-by=punidoll,613
Bfp9qkKjAgi,punidoll,http://www.instagram.com/p/Bfp9qkKjAgi/?taken-by=punidoll,657
BfsnTgqjp0t,punidoll,http://www.instagram.com/p/BfsnTgqjp0t/?taken-by=punidoll,772
BfhueWrDpj3,punidoll,http://www.instagram.com/p/BfhueWrDpj3/?taken-by=punidoll,916
BfvGbMXD75I,punidoll,http://www.instagram.com/p/BfvGbMXD75I/?taken-by=punidoll,286
Bb9VEKIhhNs,32_honoka,http://www.instagram.com/p/Bb9VEKIhhNs/?taken-by=32_honoka,63
BcPebtrhtYt,32_honoka,http://www.instagram.com/p/BcPebtrhtYt/?taken-by=32_honoka,75
Bc1-KwxhhHY,32_honoka,http://www.instagram.com/p/Bc1-KwxhhHY/?taken-by=32_honoka,84
Bc1_pRRhTHQ,32_honoka,http://www.instagram.com/p/Bc1_pRRhTHQ/?taken-by=32_honoka,62
Bc2CyjnBHfv,32_honoka,http://www.instagram.com/p/Bc2CyjnBHfv/?taken-by=32_honoka,89
BdQChMYh_SF,32_honoka,http://www.instagram.com/p/BdQChMYh_SF/?taken-by=32_honoka,76
BdSBSMVBd1c,32_honoka,http://www.instagram.com/p/BdSBSMVBd1c/?taken-by=32_honoka,72
BdXMdVUBaKn,32_honoka,http://www.instagram.com/p/BdXMdVUBaKn/?taken-by=32_honoka,93
BeJjHfBB4UR,32_honoka,http://www.instagram.com/p/BeJjHfBB4UR/?taken-by=32_honoka,57
BeJjuh_BQx1,32_honoka,http://www.instagram.com/p/BeJjuh_BQx1/?taken-by=32_honoka,47
BedF55EhRXt,32_honoka,http://www.instagram.com/p/BedF55EhRXt/?taken-by=32_honoka,59
Bff0jRrB6tx,harubiyori3,http://www.instagram.com/p/Bff0jRrB6tx/?taken-by=harubiyori3,14
BfgHwF1hNPm,harubiyori3,http://www.instagram.com/p/BfgHwF1hNPm/?taken-by=harubiyori3,13
BfieDbohpDq,harubiyori3,http://www.instagram.com/p/BfieDbohpDq/?taken-by=harubiyori3,20
Bfk_9ukhF2j,harubiyori3,http://www.instagram.com/p/Bfk_9ukhF2j/?taken-by=harubiyori3,19
BfnvpPEhNix,harubiyori3,http://www.instagram.com/p/BfnvpPEhNix/?taken-by=harubiyori3,21
BfpflTtBJA-,harubiyori3,http://www.instagram.com/p/BfpflTtBJA-/?taken-by=harubiyori3,23
Bfs0bkVhWDQ,harubiyori3,http://www.instagram.com/p/Bfs0bkVhWDQ/?taken-by=harubiyori3,31
BfvMBIbhRhf,harubiyori3,http://www.instagram.com/p/BfvMBIbhRhf/?taken-by=harubiyori3,17
BfvM4v1hvCH,harubiyori3,http://www.instagram.com/p/BfvM4v1hvCH/?taken-by=harubiyori3,19
BfvPSIkBnDt,harubiyori3,http://www.instagram.com/p/BfvPSIkBnDt/?taken-by=harubiyori3,23
BfxNDE_B1tm,harubiyori3,http://www.instagram.com/p/BfxNDE_B1tm/?taken-by=harubiyori3,11
BeAtDI6HA8t,jill___princess,http://www.instagram.com/p/BeAtDI6HA8t/?taken-by=jill___princess,210
BeKG38DnhUY,jill___princess,http://www.instagram.com/p/BeKG38DnhUY/?taken-by=jill___princess,401
BeNYqibHObt,jill___princess,http://www.instagram.com/p/BeNYqibHObt/?taken-by=jill___princess,535
BeX8kFGnldT,jill___princess,http://www.instagram.com/p/BeX8kFGnldT/?taken-by=jill___princess,242
Bee49eVnu_w,jill___princess,http://www.instagram.com/p/Bee49eVnu_w/?taken-by=jill___princess,332
BenpZ9_nytt,jill___princess,http://www.instagram.com/p/BenpZ9_nytt/?taken-by=jill___princess,143
Bep8HeoHlj6,jill___princess,http://www.instagram.com/p/Bep8HeoHlj6/?taken-by=jill___princess,621
Bew5btLH2KE,jill___princess,http://www.instagram.com/p/Bew5btLH2KE/?taken-by=jill___princess,366
BfZ_jV1HOVb,jill___princess,http://www.instagram.com/p/BfZ_jV1HOVb/?taken-by=jill___princess,261
BfszhvvBn4D,emilyswift13,http://www.instagram.com/p/BfszhvvBn4D/?taken-by=emilyswift13,29
Bfs0yZ9hZT9,emilyswift13,http://www.instagram.com/p/Bfs0yZ9hZT9/?taken-by=emilyswift13,49
Bfs1j5OhZkk,emilyswift13,http://www.instagram.com/p/Bfs1j5OhZkk/?taken-by=emilyswift13,51
BfvSwM4hdmv,emilyswift13,http://www.instagram.com/p/BfvSwM4hdmv/?taken-by=emilyswift13,49
BfvV50Nh6q4,emilyswift13,http://www.instagram.com/p/BfvV50Nh6q4/?taken-by=emilyswift13,25
BfvW1qfhuXu,emilyswift13,http://www.instagram.com/p/BfvW1qfhuXu/?taken-by=emilyswift13,26
Bcg-cNNHvVN,pj.3ya0925,http://www.instagram.com/p/Bcg-cNNHvVN/?taken-by=pj.3ya0925,12
BchAxtynVvs,pj.3ya0925,http://www.instagram.com/p/BchAxtynVvs/?taken-by=pj.3ya0925,14
BchBkrFna-s,pj.3ya0925,http://www.instagram.com/p/BchBkrFna-s/?taken-by=pj.3ya0925,12
BfCnXnIlBmD,0228haruka0228,http://www.instagram.com/p/BfCnXnIlBmD/?taken-by=0228haruka0228,118
BeCM11eAck7,y__kaho,http://www.instagram.com/p/BeCM11eAck7/?taken-by=y__kaho,154
Be7z3doDYPf,akanetiger,http://www.instagram.com/p/Be7z3doDYPf/?taken-by=akanetiger,"1,285"
Bd5MFqvgxyL,ryuji_sweets,http://www.instagram.com/p/Bd5MFqvgxyL/?taken-by=ryuji_sweets,340
Bd7lNCsgI2P,ryuji_sweets,http://www.instagram.com/p/Bd7lNCsgI2P/?taken-by=ryuji_sweets,364
BdFnZtQB3rO,0929_osaki,http://www.instagram.com/p/BdFnZtQB3rO/?taken-by=0929_osaki,98
LXg6StsBcb,f0u0land,http://www.instagram.com/p/LXg6StsBcb/?taken-by=f0u0land,
MDaU_KMBTD,f0u0land,http://www.instagram.com/p/MDaU_KMBTD/?taken-by=f0u0land,
BfFcuEmh2kT,xun_jin,http://www.instagram.com/p/BfFcuEmh2kT/?taken-by=xun_jin,37
BfHfC5eh-fB,xun_jin,http://www.instagram.com/p/BfHfC5eh-fB/?taken-by=xun_jin,33
BIHhDgBgMZR,korinchance307,http://www.instagram.com/p/BIHhDgBgMZR/?taken-by=korinchance307,
Bd2lgCNljBq,shimwaihnin,http://www.instagram.com/p/Bd2lgCNljBq/?taken-by=shimwaihnin,19
BcpRceKgaIk,canaco316,http://www.instagram.com/p/BcpRceKgaIk/?taken-by=canaco316,227
BexpaGNlgNH,kaho_tsuji,http://www.instagram.com/p/BexpaGNlgNH/?taken-by=kaho_tsuji,273
Bezu1fDFd6L,kaho_tsuji,http://www.instagram.com/p/Bezu1fDFd6L/?taken-by=kaho_tsuji,177
Bezu-V8FOlF,kaho_tsuji,http://www.instagram.com/p/Bezu-V8FOlF/?taken-by=kaho_tsuji,273
Be7boULFhVV,kaho_tsuji,http://www.instagram.com/p/Be7boULFhVV/?taken-by=kaho_tsuji,
Be7gkV5lMHJ,kaho_tsuji,http://www.instagram.com/p/Be7gkV5lMHJ/?taken-by=kaho_tsuji,184
BfAu7J-FAGU,kaho_tsuji,http://www.instagram.com/p/BfAu7J-FAGU/?taken-by=kaho_tsuji,195
BfAu8oylkUj,kaho_tsuji,http://www.instagram.com/p/BfAu8oylkUj/?taken-by=kaho_tsuji,144
BfA-6pzF1-G,kaho_tsuji,http://www.instagram.com/p/BfA-6pzF1-G/?taken-by=kaho_tsuji,218
BfGHl15FaDy,kaho_tsuji,http://www.instagram.com/p/BfGHl15FaDy/?taken-by=kaho_tsuji,
BfgHo90Fya1,kaho_tsuji,http://www.instagram.com/p/BfgHo90Fya1/?taken-by=kaho_tsuji,235
BfirheqFUCY,kaho_tsuji,http://www.instagram.com/p/BfirheqFUCY/?taken-by=kaho_tsuji,
Bfnub8ulpL9,kaho_tsuji,http://www.instagram.com/p/Bfnub8ulpL9/?taken-by=kaho_tsuji,239
Bc2JyG4gtsf,canaco316,http://www.instagram.com/p/Bc2JyG4gtsf/?taken-by=canaco316,
BdC-JAbgeP1,canaco316,http://www.instagram.com/p/BdC-JAbgeP1/?taken-by=canaco316,140
BdGrtB_ASr1,canaco316,http://www.instagram.com/p/BdGrtB_ASr1/?taken-by=canaco316,236
BdaDaONArrR,canaco316,http://www.instagram.com/p/BdaDaONArrR/?taken-by=canaco316,186
BdxXvlWg6tj,canaco316,http://www.instagram.com/p/BdxXvlWg6tj/?taken-by=canaco316,193
BeANSU5Ay6w,canaco316,http://www.instagram.com/p/BeANSU5Ay6w/?taken-by=canaco316,197
BeQTFXtgsUW,canaco316,http://www.instagram.com/p/BeQTFXtgsUW/?taken-by=canaco316,131
BeX5Pffg6Tn,canaco316,http://www.instagram.com/p/BeX5Pffg6Tn/?taken-by=canaco316,208
BfAuA65A5yS,canaco316,http://www.instagram.com/p/BfAuA65A5yS/?taken-by=canaco316,154
BfQDRnIgg9v,canaco316,http://www.instagram.com/p/BfQDRnIgg9v/?taken-by=canaco316,159
BfsckdwAsRM,canaco316,http://www.instagram.com/p/BfsckdwAsRM/?taken-by=canaco316,124
Bd4MMqxlcNV,shimwaihnin,http://www.instagram.com/p/Bd4MMqxlcNV/?taken-by=shimwaihnin,12
Bd6cmXBFGlN,shimwaihnin,http://www.instagram.com/p/Bd6cmXBFGlN/?taken-by=shimwaihnin,
BeDQdXMF1aY,shimwaihnin,http://www.instagram.com/p/BeDQdXMF1aY/?taken-by=shimwaihnin,19
BePq3eAF3n_,shimwaihnin,http://www.instagram.com/p/BePq3eAF3n_/?taken-by=shimwaihnin,24
Befh5I_lz4J,shimwaihnin,http://www.instagram.com/p/Befh5I_lz4J/?taken-by=shimwaihnin,29
Beu9QooFy30,shimwaihnin,http://www.instagram.com/p/Beu9QooFy30/?taken-by=shimwaihnin,32
BexNc7qluP9,shimwaihnin,http://www.instagram.com/p/BexNc7qluP9/?taken-by=shimwaihnin,38
Be72KBwlowi,shimwaihnin,http://www.instagram.com/p/Be72KBwlowi/?taken-by=shimwaihnin,25
BfBUTsWlGmT,shimwaihnin,http://www.instagram.com/p/BfBUTsWlGmT/?taken-by=shimwaihnin,24
BfSxymZF2QQ,shimwaihnin,http://www.instagram.com/p/BfSxymZF2QQ/?taken-by=shimwaihnin,24
BfUX0Qnl2kr,shimwaihnin,http://www.instagram.com/p/BfUX0Qnl2kr/?taken-by=shimwaihnin,23
BSaCDrvgtQH,korinchance307,http://www.instagram.com/p/BSaCDrvgtQH/?taken-by=korinchance307,
BeNwzy3Hjf8,korinchance307,http://www.instagram.com/p/BeNwzy3Hjf8/?taken-by=korinchance307,
BeXhxeanklu,korinchance307,http://www.instagram.com/p/BeXhxeanklu/?taken-by=korinchance307,
BeYLtfpHOnF,korinchance307,http://www.instagram.com/p/BeYLtfpHOnF/?taken-by=korinchance307,
BehdihQHWJH,korinchance307,http://www.instagram.com/p/BehdihQHWJH/?taken-by=korinchance307,
Ber2lT8ngyG,korinchance307,http://www.instagram.com/p/Ber2lT8ngyG/?taken-by=korinchance307,
BfQs1QiHwq5,korinchance307,http://www.instagram.com/p/BfQs1QiHwq5/?taken-by=korinchance307,
BfLvoN_hvF2,xun_jin,http://www.instagram.com/p/BfLvoN_hvF2/?taken-by=xun_jin,37
BfNaCFWBG0P,xun_jin,http://www.instagram.com/p/BfNaCFWBG0P/?taken-by=xun_jin,14
BfNixCthP4Z,xun_jin,http://www.instagram.com/p/BfNixCthP4Z/?taken-by=xun_jin,32
BfUL_C5Bbe3,xun_jin,http://www.instagram.com/p/BfUL_C5Bbe3/?taken-by=xun_jin,32
BfUNv_GBFxU,xun_jin,http://www.instagram.com/p/BfUNv_GBFxU/?taken-by=xun_jin,48
BfYiRYAhBhx,xun_jin,http://www.instagram.com/p/BfYiRYAhBhx/?taken-by=xun_jin,57
Bfb-DLnhjoM,xun_jin,http://www.instagram.com/p/Bfb-DLnhjoM/?taken-by=xun_jin,42
BfcpsVehKfR,xun_jin,http://www.instagram.com/p/BfcpsVehKfR/?taken-by=xun_jin,34
BffoZxJhDp7,xun_jin,http://www.instagram.com/p/BffoZxJhDp7/?taken-by=xun_jin,33
BfqeKqEh8td,xun_jin,http://www.instagram.com/p/BfqeKqEh8td/?taken-by=xun_jin,41
MDpue7MBXY,f0u0land,http://www.instagram.com/p/MDpue7MBXY/?taken-by=f0u0land,
NNJm6DMBWS,f0u0land,http://www.instagram.com/p/NNJm6DMBWS/?taken-by=f0u0land,
PjUF4fMBdE,f0u0land,http://www.instagram.com/p/PjUF4fMBdE/?taken-by=f0u0land,
PjUN4lsBdK,f0u0land,http://www.instagram.com/p/PjUN4lsBdK/?taken-by=f0u0land,11
Pwl7rlMBT2,f0u0land,http://www.instagram.com/p/Pwl7rlMBT2/?taken-by=f0u0land,12
Pwm0FvsBUc,f0u0land,http://www.instagram.com/p/Pwm0FvsBUc/?taken-by=f0u0land,27
vudIk5sBX9,f0u0land,http://www.instagram.com/p/vudIk5sBX9/?taken-by=f0u0land,18
Bc4637cFPL-,f0u0land,http://www.instagram.com/p/Bc4637cFPL-/?taken-by=f0u0land,
BdCv4SJFsEC,f0u0land,http://www.instagram.com/p/BdCv4SJFsEC/?taken-by=f0u0land,
Bd7HwiJlIyL,f0u0land,http://www.instagram.com/p/Bd7HwiJlIyL/?taken-by=f0u0land,
BdLBkSxBTVb,0929_osaki,http://www.instagram.com/p/BdLBkSxBTVb/?taken-by=0929_osaki,88
BdSIiSlh3No,0929_osaki,http://www.instagram.com/p/BdSIiSlh3No/?taken-by=0929_osaki,83
BdfRyvyBAFr,0929_osaki,http://www.instagram.com/p/BdfRyvyBAFr/?taken-by=0929_osaki,78
Bd2OqBuBB4N,0929_osaki,http://www.instagram.com/p/Bd2OqBuBB4N/?taken-by=0929_osaki,70
Bd42L8GBFBG,0929_osaki,http://www.instagram.com/p/Bd42L8GBFBG/?taken-by=0929_osaki,76
Bd7j5I8BrYo,0929_osaki,http://www.instagram.com/p/Bd7j5I8BrYo/?taken-by=0929_osaki,121
BeDW7aEBkln,0929_osaki,http://www.instagram.com/p/BeDW7aEBkln/?taken-by=0929_osaki,91
BfAGvLyhBYN,0929_osaki,http://www.instagram.com/p/BfAGvLyhBYN/?taken-by=0929_osaki,79
BfVntlvhgmc,0929_osaki,http://www.instagram.com/p/BfVntlvhgmc/?taken-by=0929_osaki,110
BfgDhwJBUU-,0929_osaki,http://www.instagram.com/p/BfgDhwJBUU-/?taken-by=0929_osaki,116
BfntXw6Bhdl,0929_osaki,http://www.instagram.com/p/BfntXw6Bhdl/?taken-by=0929_osaki,144
Bd-e_bdgpM4,ryuji_sweets,http://www.instagram.com/p/Bd-e_bdgpM4/?taken-by=ryuji_sweets,555
BeK3fPUAlmg,ryuji_sweets,http://www.instagram.com/p/BeK3fPUAlmg/?taken-by=ryuji_sweets,447
BeQDjKKgBU2,ryuji_sweets,http://www.instagram.com/p/BeQDjKKgBU2/?taken-by=ryuji_sweets,275
BeSk_uwAk49,ryuji_sweets,http://www.instagram.com/p/BeSk_uwAk49/?taken-by=ryuji_sweets,348
BehLv7LAQDY,ryuji_sweets,http://www.instagram.com/p/BehLv7LAQDY/?taken-by=ryuji_sweets,597
Be24TT7gt-v,ryuji_sweets,http://www.instagram.com/p/Be24TT7gt-v/?taken-by=ryuji_sweets,322
BfBjDFwgKXS,ryuji_sweets,http://www.instagram.com/p/BfBjDFwgKXS/?taken-by=ryuji_sweets,392
BfC1X8jgnaK,ryuji_sweets,http://www.instagram.com/p/BfC1X8jgnaK/?taken-by=ryuji_sweets,694
BfDPWfEAshh,ryuji_sweets,http://www.instagram.com/p/BfDPWfEAshh/?taken-by=ryuji_sweets,557
BfF0BxlAXYy,ryuji_sweets,http://www.instagram.com/p/BfF0BxlAXYy/?taken-by=ryuji_sweets,876
BfBFYQgj-8M,akanetiger,http://www.instagram.com/p/BfBFYQgj-8M/?taken-by=akanetiger,"1,040"
BfKtoVijYsw,akanetiger,http://www.instagram.com/p/BfKtoVijYsw/?taken-by=akanetiger,"1,154"
BfN7n5iB62R,akanetiger,http://www.instagram.com/p/BfN7n5iB62R/?taken-by=akanetiger,888
BfTM8gnDBrH,akanetiger,http://www.instagram.com/p/BfTM8gnDBrH/?taken-by=akanetiger,"1,460"
BfX0V4MDBsU,akanetiger,http://www.instagram.com/p/BfX0V4MDBsU/?taken-by=akanetiger,886
BfadCiRD-rB,akanetiger,http://www.instagram.com/p/BfadCiRD-rB/?taken-by=akanetiger,882
BfdDX-CDpdv,akanetiger,http://www.instagram.com/p/BfdDX-CDpdv/?taken-by=akanetiger,921
BffjqSkjX_X,akanetiger,http://www.instagram.com/p/BffjqSkjX_X/?taken-by=akanetiger,983
BfiQ1InjHFA,akanetiger,http://www.instagram.com/p/BfiQ1InjHFA/?taken-by=akanetiger,"1,172"
Bfnh8OwD8iI,akanetiger,http://www.instagram.com/p/Bfnh8OwD8iI/?taken-by=akanetiger,"1,278"
Bfsi9TrjNHC,akanetiger,http://www.instagram.com/p/Bfsi9TrjNHC/?taken-by=akanetiger,938
BeQO4JAAZk2,y__kaho,http://www.instagram.com/p/BeQO4JAAZk2/?taken-by=y__kaho,131
BeX4uZogGeb,y__kaho,http://www.instagram.com/p/BeX4uZogGeb/?taken-by=y__kaho,180
BeiUpUqg7Pk,y__kaho,http://www.instagram.com/p/BeiUpUqg7Pk/?taken-by=y__kaho,155
Beknel6giWi,y__kaho,http://www.instagram.com/p/Beknel6giWi/?taken-by=y__kaho,146
Be2nuuRAL1O,y__kaho,http://www.instagram.com/p/Be2nuuRAL1O/?taken-by=y__kaho,187
BfLrLlKAuUD,y__kaho,http://www.instagram.com/p/BfLrLlKAuUD/?taken-by=y__kaho,144
BfX_LdMg_UD,y__kaho,http://www.instagram.com/p/BfX_LdMg_UD/?taken-by=y__kaho,91
BfbHhQ_gXSr,y__kaho,http://www.instagram.com/p/BfbHhQ_gXSr/?taken-by=y__kaho,157
BfgEgKgAAw5,y__kaho,http://www.instagram.com/p/BfgEgKgAAw5/?taken-by=y__kaho,205
Bfn0KO6Aq-k,y__kaho,http://www.instagram.com/p/Bfn0KO6Aq-k/?taken-by=y__kaho,136
BfuC0bWAyyh,y__kaho,http://www.instagram.com/p/BfuC0bWAyyh/?taken-by=y__kaho,138
BfCoBYVlfq_,0228haruka0228,http://www.instagram.com/p/BfCoBYVlfq_/?taken-by=0228haruka0228,115
BfDeY4cFYiz,0228haruka0228,http://www.instagram.com/p/BfDeY4cFYiz/?taken-by=0228haruka0228,112
BfGX4h9lZsw,0228haruka0228,http://www.instagram.com/p/BfGX4h9lZsw/?taken-by=0228haruka0228,129
BfGYI3oFNR_,0228haruka0228,http://www.instagram.com/p/BfGYI3oFNR_/?taken-by=0228haruka0228,110
BfJ4DeAl7Na,0228haruka0228,http://www.instagram.com/p/BfJ4DeAl7Na/?taken-by=0228haruka0228,78
BfLMmneF2rp,0228haruka0228,http://www.instagram.com/p/BfLMmneF2rp/?taken-by=0228haruka0228,105
BfVVt6tFxIy,0228haruka0228,http://www.instagram.com/p/BfVVt6tFxIy/?taken-by=0228haruka0228,101
BfVpwDRFCE9,0228haruka0228,http://www.instagram.com/p/BfVpwDRFCE9/?taken-by=0228haruka0228,130
Bfb_zdvl6vv,0228haruka0228,http://www.instagram.com/p/Bfb_zdvl6vv/?taken-by=0228haruka0228,137
BfgTFhulOK7,0228haruka0228,http://www.instagram.com/p/BfgTFhulOK7/?taken-by=0228haruka0228,123
BflYV83FDG9,0228haruka0228,http://www.instagram.com/p/BflYV83FDG9/?taken-by=0228haruka0228,76
BczOzf7HTB1,pj.3ya0925,http://www.instagram.com/p/BczOzf7HTB1/?taken-by=pj.3ya0925,15
Bc7jZZEn_5j,pj.3ya0925,http://www.instagram.com/p/Bc7jZZEn_5j/?taken-by=pj.3ya0925,16
BeSix4UHrTq,pj.3ya0925,http://www.instagram.com/p/BeSix4UHrTq/?taken-by=pj.3ya0925,22
BeVe6zTnBkA,pj.3ya0925,http://www.instagram.com/p/BeVe6zTnBkA/?taken-by=pj.3ya0925,14
BednllSnFZO,pj.3ya0925,http://www.instagram.com/p/BednllSnFZO/?taken-by=pj.3ya0925,18
BfBc_rqnRUN,pj.3ya0925,http://www.instagram.com/p/BfBc_rqnRUN/?taken-by=pj.3ya0925,14
BfBefQuHxes,pj.3ya0925,http://www.instagram.com/p/BfBefQuHxes/?taken-by=pj.3ya0925,16
BfBfHOnHHdg,pj.3ya0925,http://www.instagram.com/p/BfBfHOnHHdg/?taken-by=pj.3ya0925,16
BfleAW3HpRJ,pj.3ya0925,http://www.instagram.com/p/BfleAW3HpRJ/?taken-by=pj.3ya0925,16
BPbdDVgDZAq,yuri.mekko.t,http://www.instagram.com/p/BPbdDVgDZAq/?taken-by=yuri.mekko.t,
BeayPshjfFV,kana_love_disney,http://www.instagram.com/p/BeayPshjfFV/?taken-by=kana_love_disney,56
Bee9o1HnYvm,yui.minny.now,http://www.instagram.com/p/Bee9o1HnYvm/?taken-by=yui.minny.now,173
Bem5k4phIHM,a.y.a_pii,http://www.instagram.com/p/Bem5k4phIHM/?taken-by=a.y.a_pii,
BfTCLVtjE4-,_ayasgram_,http://www.instagram.com/p/BfTCLVtjE4-/?taken-by=_ayasgram_,"1,440"
BfCoSnYD5EV,sunaokikuchi,http://www.instagram.com/p/BfCoSnYD5EV/?taken-by=sunaokikuchi,
BfpI7aSBNQo,diet__63kg,http://www.instagram.com/p/BfpI7aSBNQo/?taken-by=diet__63kg,53
BfpO8KKBosS,diet__63kg,http://www.instagram.com/p/BfpO8KKBosS/?taken-by=diet__63kg,40
BfpP5Wqhtra,diet__63kg,http://www.instagram.com/p/BfpP5Wqhtra/?taken-by=diet__63kg,40
BS526WFBRlf,fukutarou_kawabata,http://www.instagram.com/p/BS526WFBRlf/?taken-by=fukutarou_kawabata,46
Be29cgSnKCj,3mariha19,http://www.instagram.com/p/Be29cgSnKCj/?taken-by=3mariha19,263
BfapNM9n3xX,18_asaka,http://www.instagram.com/p/BfapNM9n3xX/?taken-by=18_asaka,159
BfcO74Xnqw4,18_asaka,http://www.instagram.com/p/BfcO74Xnqw4/?taken-by=18_asaka,156
BdJwWjyH2Um,yuumo211,http://www.instagram.com/p/BdJwWjyH2Um/?taken-by=yuumo211,
BaRB8etDJGj,hiroki1i,http://www.instagram.com/p/BaRB8etDJGj/?taken-by=hiroki1i,24
Bawn36_Dabk,hiroki1i,http://www.instagram.com/p/Bawn36_Dabk/?taken-by=hiroki1i,32
BM5qNGUBcbI,touichi_gram_,http://www.instagram.com/p/BM5qNGUBcbI/?taken-by=touichi_gram_,
BNTv60oBmNd,touichi_gram_,http://www.instagram.com/p/BNTv60oBmNd/?taken-by=touichi_gram_,66
BWw_J3VBghX,touichi_gram_,http://www.instagram.com/p/BWw_J3VBghX/?taken-by=touichi_gram_,80
BW0Agl8BUiK,touichi_gram_,http://www.instagram.com/p/BW0Agl8BUiK/?taken-by=touichi_gram_,74
BYf09hbHKSa,touichi_gram_,http://www.instagram.com/p/BYf09hbHKSa/?taken-by=touichi_gram_,77
BYf-GLanLm2,touichi_gram_,http://www.instagram.com/p/BYf-GLanLm2/?taken-by=touichi_gram_,73
BYneb07HR7f,touichi_gram_,http://www.instagram.com/p/BYneb07HR7f/?taken-by=touichi_gram_,81
BaBLNz_hcBy,touichi_gram_,http://www.instagram.com/p/BaBLNz_hcBy/?taken-by=touichi_gram_,87
Ba_tPKBBjBb,touichi_gram_,http://www.instagram.com/p/Ba_tPKBBjBb/?taken-by=touichi_gram_,65
BbmWsIwBbI6,touichi_gram_,http://www.instagram.com/p/BbmWsIwBbI6/?taken-by=touichi_gram_,53
BboM33ahvDM,touichi_gram_,http://www.instagram.com/p/BboM33ahvDM/?taken-by=touichi_gram_,63
BcExtCOBMJE,touichi_gram_,http://www.instagram.com/p/BcExtCOBMJE/?taken-by=touichi_gram_,102
Ba32eU-jVJU,hiroki1i,http://www.instagram.com/p/Ba32eU-jVJU/?taken-by=hiroki1i,25
BbGsxY-jDcO,hiroki1i,http://www.instagram.com/p/BbGsxY-jDcO/?taken-by=hiroki1i,34
BbHgfabj0nK,hiroki1i,http://www.instagram.com/p/BbHgfabj0nK/?taken-by=hiroki1i,54
BbI6t8cDwNl,hiroki1i,http://www.instagram.com/p/BbI6t8cDwNl/?taken-by=hiroki1i,39
BbzXBSXj4hU,hiroki1i,http://www.instagram.com/p/BbzXBSXj4hU/?taken-by=hiroki1i,44
BcUNj4zDLWp,hiroki1i,http://www.instagram.com/p/BcUNj4zDLWp/?taken-by=hiroki1i,37
BeNgjfHDPxM,hiroki1i,http://www.instagram.com/p/BeNgjfHDPxM/?taken-by=hiroki1i,30
BeT4QExj6xI,hiroki1i,http://www.instagram.com/p/BeT4QExj6xI/?taken-by=hiroki1i,34
BfTTRq2Dt_y,hiroki1i,http://www.instagram.com/p/BfTTRq2Dt_y/?taken-by=hiroki1i,25
Bfs25iMjgRU,hiroki1i,http://www.instagram.com/p/Bfs25iMjgRU/?taken-by=hiroki1i,26
BdM3-rSHWEg,yuumo211,http://www.instagram.com/p/BdM3-rSHWEg/?taken-by=yuumo211,
BdR9SexHGkp,yuumo211,http://www.instagram.com/p/BdR9SexHGkp/?taken-by=yuumo211,
BdR_2I3H78l,yuumo211,http://www.instagram.com/p/BdR_2I3H78l/?taken-by=yuumo211,
BdXWBuQH2ol,yuumo211,http://www.instagram.com/p/BdXWBuQH2ol/?taken-by=yuumo211,
BdaH9gXnSGE,yuumo211,http://www.instagram.com/p/BdaH9gXnSGE/?taken-by=yuumo211,
Be-vLCeHu-i,yuumo211,http://www.instagram.com/p/Be-vLCeHu-i/?taken-by=yuumo211,
Be-v7AcnQ0s,yuumo211,http://www.instagram.com/p/Be-v7AcnQ0s/?taken-by=yuumo211,
BfAqtaOn5sn,yuumo211,http://www.instagram.com/p/BfAqtaOn5sn/?taken-by=yuumo211,
BfBPw29H3YD,yuumo211,http://www.instagram.com/p/BfBPw29H3YD/?taken-by=yuumo211,
BfDOcC-HFh6,yuumo211,http://www.instagram.com/p/BfDOcC-HFh6/?taken-by=yuumo211,
BfQd9CSnzeJ,yuumo211,http://www.instagram.com/p/BfQd9CSnzeJ/?taken-by=yuumo211,
BfdIsZGHnJX,18_asaka,http://www.instagram.com/p/BfdIsZGHnJX/?taken-by=18_asaka,108
BfdNLyMn8V4,18_asaka,http://www.instagram.com/p/BfdNLyMn8V4/?taken-by=18_asaka,208
BffVwypnO6Q,18_asaka,http://www.instagram.com/p/BffVwypnO6Q/?taken-by=18_asaka,138
BfhXQv7HuS0,18_asaka,http://www.instagram.com/p/BfhXQv7HuS0/?taken-by=18_asaka,299
Bfini98HKln,18_asaka,http://www.instagram.com/p/Bfini98HKln/?taken-by=18_asaka,199
Bfk-i80H2fJ,18_asaka,http://www.instagram.com/p/Bfk-i80H2fJ/?taken-by=18_asaka,183
BfnU3QwHmoN,18_asaka,http://www.instagram.com/p/BfnU3QwHmoN/?taken-by=18_asaka,119
Bfp-9t6Hh_q,18_asaka,http://www.instagram.com/p/Bfp-9t6Hh_q/?taken-by=18_asaka,264
BfrzKw5n1OC,18_asaka,http://www.instagram.com/p/BfrzKw5n1OC/?taken-by=18_asaka,169
BfxTiB9nZM3,18_asaka,http://www.instagram.com/p/BfxTiB9nZM3/?taken-by=18_asaka,96
Be5Z3kuHysk,3mariha19,http://www.instagram.com/p/Be5Z3kuHysk/?taken-by=3mariha19,258
Be-lyzmHaqU,3mariha19,http://www.instagram.com/p/Be-lyzmHaqU/?taken-by=3mariha19,219
BfJ_YoonXYf,3mariha19,http://www.instagram.com/p/BfJ_YoonXYf/?taken-by=3mariha19,206
BfLndoZn_5A,3mariha19,http://www.instagram.com/p/BfLndoZn_5A/?taken-by=3mariha19,167
BfMsfrOngIN,3mariha19,http://www.instagram.com/p/BfMsfrOngIN/?taken-by=3mariha19,210
BfSEIifHrd_,3mariha19,http://www.instagram.com/p/BfSEIifHrd_/?taken-by=3mariha19,220
BfdowaPnqAv,3mariha19,http://www.instagram.com/p/BfdowaPnqAv/?taken-by=3mariha19,177
Bfifq2Vni0Q,3mariha19,http://www.instagram.com/p/Bfifq2Vni0Q/?taken-by=3mariha19,171
BfkXfWPHvD3,3mariha19,http://www.instagram.com/p/BfkXfWPHvD3/?taken-by=3mariha19,132
BfpfpKmneBP,3mariha19,http://www.instagram.com/p/BfpfpKmneBP/?taken-by=3mariha19,159
BfqXh57nul7,3mariha19,http://www.instagram.com/p/BfqXh57nul7/?taken-by=3mariha19,130
BTLK6qaBzoG,fukutarou_kawabata,http://www.instagram.com/p/BTLK6qaBzoG/?taken-by=fukutarou_kawabata,38
BTMV-00B95Z,fukutarou_kawabata,http://www.instagram.com/p/BTMV-00B95Z/?taken-by=fukutarou_kawabata,42
BTeVKGwBfyl,fukutarou_kawabata,http://www.instagram.com/p/BTeVKGwBfyl/?taken-by=fukutarou_kawabata,41
BTncxfJB-wg,fukutarou_kawabata,http://www.instagram.com/p/BTncxfJB-wg/?taken-by=fukutarou_kawabata,29
BToquY9hG7y,fukutarou_kawabata,http://www.instagram.com/p/BToquY9hG7y/?taken-by=fukutarou_kawabata,66
BTq16_8hRhb,fukutarou_kawabata,http://www.instagram.com/p/BTq16_8hRhb/?taken-by=fukutarou_kawabata,31
BTtyTZah947,fukutarou_kawabata,http://www.instagram.com/p/BTtyTZah947/?taken-by=fukutarou_kawabata,51
BUMfWk4htvp,fukutarou_kawabata,http://www.instagram.com/p/BUMfWk4htvp/?taken-by=fukutarou_kawabata,36
BVJq3D6B9-z,fukutarou_kawabata,http://www.instagram.com/p/BVJq3D6B9-z/?taken-by=fukutarou_kawabata,30
BVa6gNAh12b,fukutarou_kawabata,http://www.instagram.com/p/BVa6gNAh12b/?taken-by=fukutarou_kawabata,48
Bd74T2Fhq2G,fukutarou_kawabata,http://www.instagram.com/p/Bd74T2Fhq2G/?taken-by=fukutarou_kawabata,56
BfrLJsthY72,diet__63kg,http://www.instagram.com/p/BfrLJsthY72/?taken-by=diet__63kg,53
BfrMuBvB5Sd,diet__63kg,http://www.instagram.com/p/BfrMuBvB5Sd/?taken-by=diet__63kg,50
BfrUJAQB8UD,diet__63kg,http://www.instagram.com/p/BfrUJAQB8UD/?taken-by=diet__63kg,48
BftvapChDL3,diet__63kg,http://www.instagram.com/p/BftvapChDL3/?taken-by=diet__63kg,58
Bft26oXhetr,diet__63kg,http://www.instagram.com/p/Bft26oXhetr/?taken-by=diet__63kg,35
BfuG8m_BlvO,diet__63kg,http://www.instagram.com/p/BfuG8m_BlvO/?taken-by=diet__63kg,47
BfwQwUSBPnZ,diet__63kg,http://www.instagram.com/p/BfwQwUSBPnZ/?taken-by=diet__63kg,54
BfwSkKMBBUV,diet__63kg,http://www.instagram.com/p/BfwSkKMBBUV/?taken-by=diet__63kg,47
Bfwg_cBBBa9,diet__63kg,http://www.instagram.com/p/Bfwg_cBBBa9/?taken-by=diet__63kg,38
BfDDy2WDvKX,sunaokikuchi,http://www.instagram.com/p/BfDDy2WDvKX/?taken-by=sunaokikuchi,
BfEY4ipDR6Y,sunaokikuchi,http://www.instagram.com/p/BfEY4ipDR6Y/?taken-by=sunaokikuchi,
BfGICiIjG2o,sunaokikuchi,http://www.instagram.com/p/BfGICiIjG2o/?taken-by=sunaokikuchi,
BfGJMEXDcYA,sunaokikuchi,http://www.instagram.com/p/BfGJMEXDcYA/?taken-by=sunaokikuchi,
BfIR1I4j65R,sunaokikuchi,http://www.instagram.com/p/BfIR1I4j65R/?taken-by=sunaokikuchi,
BfIR9lPj3c9,sunaokikuchi,http://www.instagram.com/p/BfIR9lPj3c9/?taken-by=sunaokikuchi,
BfKeDz4jAgu,sunaokikuchi,http://www.instagram.com/p/BfKeDz4jAgu/?taken-by=sunaokikuchi,
BfVwKRCjN4J,sunaokikuchi,http://www.instagram.com/p/BfVwKRCjN4J/?taken-by=sunaokikuchi,
BfYTFa9jLV-,sunaokikuchi,http://www.instagram.com/p/BfYTFa9jLV-/?taken-by=sunaokikuchi,
BflHmj0Dhj8,sunaokikuchi,http://www.instagram.com/p/BflHmj0Dhj8/?taken-by=sunaokikuchi,
BfwISDMjoY5,sunaokikuchi,http://www.instagram.com/p/BfwISDMjoY5/?taken-by=sunaokikuchi,
BfVdLlGjr3Q,_ayasgram_,http://www.instagram.com/p/BfVdLlGjr3Q/?taken-by=_ayasgram_,"1,069"
BfWAR2Bjo6t,_ayasgram_,http://www.instagram.com/p/BfWAR2Bjo6t/?taken-by=_ayasgram_,"1,142"
Bfdo5WhD86I,_ayasgram_,http://www.instagram.com/p/Bfdo5WhD86I/?taken-by=_ayasgram_,"1,121"
BfgeZ_FDCg9,_ayasgram_,http://www.instagram.com/p/BfgeZ_FDCg9/?taken-by=_ayasgram_,"1,340"
BflsFZMhE0r,_ayasgram_,http://www.instagram.com/p/BflsFZMhE0r/?taken-by=_ayasgram_,"1,132"
Bfnu1f1jrir,_ayasgram_,http://www.instagram.com/p/Bfnu1f1jrir/?taken-by=_ayasgram_,"1,134"
BfoO8UnD3jF,_ayasgram_,http://www.instagram.com/p/BfoO8UnD3jF/?taken-by=_ayasgram_,"1,086"
BfqnFzFDWeq,_ayasgram_,http://www.instagram.com/p/BfqnFzFDWeq/?taken-by=_ayasgram_,"1,108"
Bfq70-BDhU-,_ayasgram_,http://www.instagram.com/p/Bfq70-BDhU-/?taken-by=_ayasgram_,862
Bfs-zgFDkhg,_ayasgram_,http://www.instagram.com/p/Bfs-zgFDkhg/?taken-by=_ayasgram_,948
BfwFObADkRb,_ayasgram_,http://www.instagram.com/p/BfwFObADkRb/?taken-by=_ayasgram_,299
BenCfFQBuao,a.y.a_pii,http://www.instagram.com/p/BenCfFQBuao/?taken-by=a.y.a_pii,
BesSwhVB8Cs,a.y.a_pii,http://www.instagram.com/p/BesSwhVB8Cs/?taken-by=a.y.a_pii,
BeszMNghycV,a.y.a_pii,http://www.instagram.com/p/BeszMNghycV/?taken-by=a.y.a_pii,
BexZ1hthJwv,a.y.a_pii,http://www.instagram.com/p/BexZ1hthJwv/?taken-by=a.y.a_pii,
Be7TXK0BhB0,a.y.a_pii,http://www.instagram.com/p/Be7TXK0BhB0/?taken-by=a.y.a_pii,87
Bfdd8Rah2sV,a.y.a_pii,http://www.instagram.com/p/Bfdd8Rah2sV/?taken-by=a.y.a_pii,
BfeZTkzh-VB,a.y.a_pii,http://www.instagram.com/p/BfeZTkzh-VB/?taken-by=a.y.a_pii,
BfjBgFthnZ0,a.y.a_pii,http://www.instagram.com/p/BfjBgFthnZ0/?taken-by=a.y.a_pii,105
BfkTcGIBE4u,a.y.a_pii,http://www.instagram.com/p/BfkTcGIBE4u/?taken-by=a.y.a_pii,64
BfkZpX5hjgE,a.y.a_pii,http://www.instagram.com/p/BfkZpX5hjgE/?taken-by=a.y.a_pii,
Bfmn9cHBUeF,a.y.a_pii,http://www.instagram.com/p/Bfmn9cHBUeF/?taken-by=a.y.a_pii,77
BefgVYTnNlQ,yui.minny.now,http://www.instagram.com/p/BefgVYTnNlQ/?taken-by=yui.minny.now,182
Bep5ArknVYa,yui.minny.now,http://www.instagram.com/p/Bep5ArknVYa/?taken-by=yui.minny.now,160
Be2gnKqH-3u,yui.minny.now,http://www.instagram.com/p/Be2gnKqH-3u/?taken-by=yui.minny.now,158
Be69oKWHbco,yui.minny.now,http://www.instagram.com/p/Be69oKWHbco/?taken-by=yui.minny.now,158
Be9sbgRnGo2,yui.minny.now,http://www.instagram.com/p/Be9sbgRnGo2/?taken-by=yui.minny.now,190
BfAvXdZnhWb,yui.minny.now,http://www.instagram.com/p/BfAvXdZnhWb/?taken-by=yui.minny.now,168
BfBOiHontPf,yui.minny.now,http://www.instagram.com/p/BfBOiHontPf/?taken-by=yui.minny.now,136
BfLb0GlHHJx,yui.minny.now,http://www.instagram.com/p/BfLb0GlHHJx/?taken-by=yui.minny.now,156
BfagLbsnH7J,yui.minny.now,http://www.instagram.com/p/BfagLbsnH7J/?taken-by=yui.minny.now,175
BfpXzm5HKjQ,yui.minny.now,http://www.instagram.com/p/BfpXzm5HKjQ/?taken-by=yui.minny.now,144
BfvKOGNHZk-,yui.minny.now,http://www.instagram.com/p/BfvKOGNHZk-/?taken-by=yui.minny.now,125
BenGVZvl_OA,kana_love_disney,http://www.instagram.com/p/BenGVZvl_OA/?taken-by=kana_love_disney,68
BesWx9Ejr-Y,kana_love_disney,http://www.instagram.com/p/BesWx9Ejr-Y/?taken-by=kana_love_disney,28
Be2yJpajhZC,kana_love_disney,http://www.instagram.com/p/Be2yJpajhZC/?taken-by=kana_love_disney,85
Be_087SD2eO,kana_love_disney,http://www.instagram.com/p/Be_087SD2eO/?taken-by=kana_love_disney,
BfA9dRsjIcU,kana_love_disney,http://www.instagram.com/p/BfA9dRsjIcU/?taken-by=kana_love_disney,35
BfChUR3jIkP,kana_love_disney,http://www.instagram.com/p/BfChUR3jIkP/?taken-by=kana_love_disney,56
BfGLjySDIpf,kana_love_disney,http://www.instagram.com/p/BfGLjySDIpf/?taken-by=kana_love_disney,21
BfODL-CFGzE,kana_love_disney,http://www.instagram.com/p/BfODL-CFGzE/?taken-by=kana_love_disney,53
BfQRDiYl7ls,kana_love_disney,http://www.instagram.com/p/BfQRDiYl7ls/?taken-by=kana_love_disney,50
BfYJ_NCja6p,kana_love_disney,http://www.instagram.com/p/BfYJ_NCja6p/?taken-by=kana_love_disney,
BfgJQokDSiS,kana_love_disney,http://www.instagram.com/p/BfgJQokDSiS/?taken-by=kana_love_disney,207
Bd-dNeeA_Sk,chika_15908,http://www.instagram.com/p/Bd-dNeeA_Sk/?taken-by=chika_15908,
BaoXtn8Fj6y,sakuuraan,http://www.instagram.com/p/BaoXtn8Fj6y/?taken-by=sakuuraan,64
BbR06dWFD6X,sakuuraan,http://www.instagram.com/p/BbR06dWFD6X/?taken-by=sakuuraan,91
BcTt-wXnrmC,huwahuwalemon,http://www.instagram.com/p/BcTt-wXnrmC/?taken-by=huwahuwalemon,47
BcbMtdtHJAC,huwahuwalemon,http://www.instagram.com/p/BcbMtdtHJAC/?taken-by=huwahuwalemon,33
BdOoHGFBFa_,airan9703,http://www.instagram.com/p/BdOoHGFBFa_/?taken-by=airan9703,
BfBTqEklZ8N,mayumi.k2,http://www.instagram.com/p/BfBTqEklZ8N/?taken-by=mayumi.k2,136
BehC7GAhWlJ,h_c_j_h,http://www.instagram.com/p/BehC7GAhWlJ/?taken-by=h_c_j_h,25
BfAmBkYB7B7,kazuki510_303o,http://www.instagram.com/p/BfAmBkYB7B7/?taken-by=kazuki510_303o,
BehDSWcBg1Q,h_c_j_h,http://www.instagram.com/p/BehDSWcBg1Q/?taken-by=h_c_j_h,15
BYijwxInHoZ,prharuna,http://www.instagram.com/p/BYijwxInHoZ/?taken-by=prharuna,161
BZgLHYFH9AA,prharuna,http://www.instagram.com/p/BZgLHYFH9AA/?taken-by=prharuna,205
BCd8CHxi4cS,ayayuda_0623,http://www.instagram.com/p/BCd8CHxi4cS/?taken-by=ayayuda_0623,
BCd-GwGC4ft,ayayuda_0623,http://www.instagram.com/p/BCd-GwGC4ft/?taken-by=ayayuda_0623,
Ba0w37vF0F9,u_morimo,http://www.instagram.com/p/Ba0w37vF0F9/?taken-by=u_morimo,
BccjApOHr4S,k.nishii,http://www.instagram.com/p/BccjApOHr4S/?taken-by=k.nishii,50
BfAuzK-F3dF,atchan_atsushi,http://www.instagram.com/p/BfAuzK-F3dF/?taken-by=atchan_atsushi,38
BfBCT82F4XA,atchan_atsushi,http://www.instagram.com/p/BfBCT82F4XA/?taken-by=atchan_atsushi,36
BfGjO4Flrj8,atchan_atsushi,http://www.instagram.com/p/BfGjO4Flrj8/?taken-by=atchan_atsushi,28
BfLQ4hLFg8P,atchan_atsushi,http://www.instagram.com/p/BfLQ4hLFg8P/?taken-by=atchan_atsushi,24
BfN8KSllTDA,atchan_atsushi,http://www.instagram.com/p/BfN8KSllTDA/?taken-by=atchan_atsushi,30
BfONs3AFxpl,atchan_atsushi,http://www.instagram.com/p/BfONs3AFxpl/?taken-by=atchan_atsushi,31
BfS7-uyFtY1,atchan_atsushi,http://www.instagram.com/p/BfS7-uyFtY1/?taken-by=atchan_atsushi,29
BfaZIchlKxm,atchan_atsushi,http://www.instagram.com/p/BfaZIchlKxm/?taken-by=atchan_atsushi,39
BffPzHzFH_k,atchan_atsushi,http://www.instagram.com/p/BffPzHzFH_k/?taken-by=atchan_atsushi,49
BfjyjX1FBRy,atchan_atsushi,http://www.instagram.com/p/BfjyjX1FBRy/?taken-by=atchan_atsushi,44
BfnLGmhFpjM,atchan_atsushi,http://www.instagram.com/p/BfnLGmhFpjM/?taken-by=atchan_atsushi,36
Bfpwuw8F_d6,atchan_atsushi,http://www.instagram.com/p/Bfpwuw8F_d6/?taken-by=atchan_atsushi,53
BcxGpcGnULd,k.nishii,http://www.instagram.com/p/BcxGpcGnULd/?taken-by=k.nishii,23
Bc472JQnTVL,k.nishii,http://www.instagram.com/p/Bc472JQnTVL/?taken-by=k.nishii,43
Bc_vWO3HUXC,k.nishii,http://www.instagram.com/p/Bc_vWO3HUXC/?taken-by=k.nishii,32
BdFZsVrnw4M,k.nishii,http://www.instagram.com/p/BdFZsVrnw4M/?taken-by=k.nishii,61
BdRboYknBoP,k.nishii,http://www.instagram.com/p/BdRboYknBoP/?taken-by=k.nishii,44
BdYNXq5ngwK,k.nishii,http://www.instagram.com/p/BdYNXq5ngwK/?taken-by=k.nishii,53
BdaGjhqHbuZ,k.nishii,http://www.instagram.com/p/BdaGjhqHbuZ/?taken-by=k.nishii,53
Bdsbw5_HR0Q,k.nishii,http://www.instagram.com/p/Bdsbw5_HR0Q/?taken-by=k.nishii,57
BdsdYiZn0QV,k.nishii,http://www.instagram.com/p/BdsdYiZn0QV/?taken-by=k.nishii,25
BeF-JjgHO6p,k.nishii,http://www.instagram.com/p/BeF-JjgHO6p/?taken-by=k.nishii,32
BeHQ6E5nJUW,k.nishii,http://www.instagram.com/p/BeHQ6E5nJUW/?taken-by=k.nishii,51
BbmYwXZA-x9,u_morimo,http://www.instagram.com/p/BbmYwXZA-x9/?taken-by=u_morimo,25
BbnmexEgzu-,u_morimo,http://www.instagram.com/p/BbnmexEgzu-/?taken-by=u_morimo,22
Bb4U6ExAvWt,u_morimo,http://www.instagram.com/p/Bb4U6ExAvWt/?taken-by=u_morimo,23
BdX4n38gG4b,u_morimo,http://www.instagram.com/p/BdX4n38gG4b/?taken-by=u_morimo,26
BdpNzN2l9fN,u_morimo,http://www.instagram.com/p/BdpNzN2l9fN/?taken-by=u_morimo,34
Bd7oSrpgemy,u_morimo,http://www.instagram.com/p/Bd7oSrpgemy/?taken-by=u_morimo,25
BeLSTRsgnhd,u_morimo,http://www.instagram.com/p/BeLSTRsgnhd/?taken-by=u_morimo,38
BedGx16Aj4h,u_morimo,http://www.instagram.com/p/BedGx16Aj4h/?taken-by=u_morimo,21
Bel2pcnFvXw,u_morimo,http://www.instagram.com/p/Bel2pcnFvXw/?taken-by=u_morimo,
BfD1F2DBF8x,u_morimo,http://www.instagram.com/p/BfD1F2DBF8x/?taken-by=u_morimo,27
Bflgx66B7fO,u_morimo,http://www.instagram.com/p/Bflgx66B7fO/?taken-by=u_morimo,30
BCd-8IZi4Qz,ayayuda_0623,http://www.instagram.com/p/BCd-8IZi4Qz/?taken-by=ayayuda_0623,18
BCeBjpVC4VR,ayayuda_0623,http://www.instagram.com/p/BCeBjpVC4VR/?taken-by=ayayuda_0623,
BCeCEC5i4WC,ayayuda_0623,http://www.instagram.com/p/BCeCEC5i4WC/?taken-by=ayayuda_0623,13
BCeC0b6C4XT,ayayuda_0623,http://www.instagram.com/p/BCeC0b6C4XT/?taken-by=ayayuda_0623,16
BCw7exbi4SA,ayayuda_0623,http://www.instagram.com/p/BCw7exbi4SA/?taken-by=ayayuda_0623,
BCw9qPli4Uc,ayayuda_0623,http://www.instagram.com/p/BCw9qPli4Uc/?taken-by=ayayuda_0623,
BCxAXn9i4YN,ayayuda_0623,http://www.instagram.com/p/BCxAXn9i4YN/?taken-by=ayayuda_0623,
BDRU_rei4bh,ayayuda_0623,http://www.instagram.com/p/BDRU_rei4bh/?taken-by=ayayuda_0623,
BDRVjfhi4ce,ayayuda_0623,http://www.instagram.com/p/BDRVjfhi4ce/?taken-by=ayayuda_0623,11
BOsVRtpDhAs,ayayuda_0623,http://www.instagram.com/p/BOsVRtpDhAs/?taken-by=ayayuda_0623,18
BbQ9zWrH8z9,prharuna,http://www.instagram.com/p/BbQ9zWrH8z9/?taken-by=prharuna,163
BdR0We5HDk6,prharuna,http://www.instagram.com/p/BdR0We5HDk6/?taken-by=prharuna,128
BdXD6xbnB28,prharuna,http://www.instagram.com/p/BdXD6xbnB28/?taken-by=prharuna,149
BdXFCLGH_8i,prharuna,http://www.instagram.com/p/BdXFCLGH_8i/?taken-by=prharuna,140
BeAo47SnQfr,prharuna,http://www.instagram.com/p/BeAo47SnQfr/?taken-by=prharuna,142
BeAplf0nJi8,prharuna,http://www.instagram.com/p/BeAplf0nJi8/?taken-by=prharuna,133
BeRvvLTH3xB,prharuna,http://www.instagram.com/p/BeRvvLTH3xB/?taken-by=prharuna,126
BeVLsZRHK08,prharuna,http://www.instagram.com/p/BeVLsZRHK08/?taken-by=prharuna,132
BecW2K-n9D2,prharuna,http://www.instagram.com/p/BecW2K-n9D2/?taken-by=prharuna,192
Bfan22gnBIa,prharuna,http://www.instagram.com/p/Bfan22gnBIa/?taken-by=prharuna,210
BehDakNBLex,h_c_j_h,http://www.instagram.com/p/BehDakNBLex/?taken-by=h_c_j_h,24
BehEeUvh9sK,h_c_j_h,http://www.instagram.com/p/BehEeUvh9sK/?taken-by=h_c_j_h,22
BehEorxBMZd,h_c_j_h,http://www.instagram.com/p/BehEorxBMZd/?taken-by=h_c_j_h,20
BehE6RThVs6,h_c_j_h,http://www.instagram.com/p/BehE6RThVs6/?taken-by=h_c_j_h,26
BenWUynBUmN,h_c_j_h,http://www.instagram.com/p/BenWUynBUmN/?taken-by=h_c_j_h,21
BexePyfBcNg,h_c_j_h,http://www.instagram.com/p/BexePyfBcNg/?taken-by=h_c_j_h,19
BexeWKUBia7,h_c_j_h,http://www.instagram.com/p/BexeWKUBia7/?taken-by=h_c_j_h,17
BexeY89BwfF,h_c_j_h,http://www.instagram.com/p/BexeY89BwfF/?taken-by=h_c_j_h,
BezPE30hZn9,h_c_j_h,http://www.instagram.com/p/BezPE30hZn9/?taken-by=h_c_j_h,38
BfKTj4rh1Wb,h_c_j_h,http://www.instagram.com/p/BfKTj4rh1Wb/?taken-by=h_c_j_h,11
BfDLXjWlV-K,mayumi.k2,http://www.instagram.com/p/BfDLXjWlV-K/?taken-by=mayumi.k2,479
BfDwxOIlElA,mayumi.k2,http://www.instagram.com/p/BfDwxOIlElA/?taken-by=mayumi.k2,276
BfGVKfSltpF,mayumi.k2,http://www.instagram.com/p/BfGVKfSltpF/?taken-by=mayumi.k2,652
BfbDb2Sn--5,mayumi.k2,http://www.instagram.com/p/BfbDb2Sn--5/?taken-by=mayumi.k2,157
BfbFcH6H5Jv,mayumi.k2,http://www.instagram.com/p/BfbFcH6H5Jv/?taken-by=mayumi.k2,139
BflSmuBHBJG,mayumi.k2,http://www.instagram.com/p/BflSmuBHBJG/?taken-by=mayumi.k2,130
BflYvFzH6U2,mayumi.k2,http://www.instagram.com/p/BflYvFzH6U2/?taken-by=mayumi.k2,371
BflZdJon_y3,mayumi.k2,http://www.instagram.com/p/BflZdJon_y3/?taken-by=mayumi.k2,310
Bflbi4NHZ63,mayumi.k2,http://www.instagram.com/p/Bflbi4NHZ63/?taken-by=mayumi.k2,128
BfnRjFsHv2p,mayumi.k2,http://www.instagram.com/p/BfnRjFsHv2p/?taken-by=mayumi.k2,155
BfvjjYKnohM,mayumi.k2,http://www.instagram.com/p/BfvjjYKnohM/?taken-by=mayumi.k2,166
BdP2DNHhkZH,airan9703,http://www.instagram.com/p/BdP2DNHhkZH/?taken-by=airan9703,15
BdUmng5BpCX,airan9703,http://www.instagram.com/p/BdUmng5BpCX/?taken-by=airan9703,14
Bdhx-EcBLqt,airan9703,http://www.instagram.com/p/Bdhx-EcBLqt/?taken-by=airan9703,14
BfDcec2hz7N,airan9703,http://www.instagram.com/p/BfDcec2hz7N/?taken-by=airan9703,24
BfDc3mFhg5-,airan9703,http://www.instagram.com/p/BfDc3mFhg5-/?taken-by=airan9703,26
BficAIBBu-t,airan9703,http://www.instagram.com/p/BficAIBBu-t/?taken-by=airan9703,24
BceuB7knkiq,huwahuwalemon,http://www.instagram.com/p/BceuB7knkiq/?taken-by=huwahuwalemon,37
BcfJ605H4Gi,huwahuwalemon,http://www.instagram.com/p/BcfJ605H4Gi/?taken-by=huwahuwalemon,34
BchcUFOnPqY,huwahuwalemon,http://www.instagram.com/p/BchcUFOnPqY/?taken-by=huwahuwalemon,
Bcn9IZEHLwO,huwahuwalemon,http://www.instagram.com/p/Bcn9IZEHLwO/?taken-by=huwahuwalemon,23
BcvrfycHqVh,huwahuwalemon,http://www.instagram.com/p/BcvrfycHqVh/?taken-by=huwahuwalemon,25
Bcx_HAKnGyd,huwahuwalemon,http://www.instagram.com/p/Bcx_HAKnGyd/?taken-by=huwahuwalemon,44
Bc3WosFnx4m,huwahuwalemon,http://www.instagram.com/p/Bc3WosFnx4m/?taken-by=huwahuwalemon,42
Bd2eVKbnmbz,huwahuwalemon,http://www.instagram.com/p/Bd2eVKbnmbz/?taken-by=huwahuwalemon,80
Becej-5HJ43,huwahuwalemon,http://www.instagram.com/p/Becej-5HJ43/?taken-by=huwahuwalemon,56
BfAuSMsnu7d,huwahuwalemon,http://www.instagram.com/p/BfAuSMsnu7d/?taken-by=huwahuwalemon,49
BbguYYkl_fN,sakuuraan,http://www.instagram.com/p/BbguYYkl_fN/?taken-by=sakuuraan,68
Bbg675BFd5C,sakuuraan,http://www.instagram.com/p/Bbg675BFd5C/?taken-by=sakuuraan,73
Bbltlg0ljtJ,sakuuraan,http://www.instagram.com/p/Bbltlg0ljtJ/?taken-by=sakuuraan,69
BcZufzblJAj,sakuuraan,http://www.instagram.com/p/BcZufzblJAj/?taken-by=sakuuraan,38
BdKYkA_FoJM,sakuuraan,http://www.instagram.com/p/BdKYkA_FoJM/?taken-by=sakuuraan,66
BdjJAvAlXPe,sakuuraan,http://www.instagram.com/p/BdjJAvAlXPe/?taken-by=sakuuraan,32
BdjJYvwlKXu,sakuuraan,http://www.instagram.com/p/BdjJYvwlKXu/?taken-by=sakuuraan,47
BdjLKygFnOs,sakuuraan,http://www.instagram.com/p/BdjLKygFnOs/?taken-by=sakuuraan,67
BehrQ9SlNat,sakuuraan,http://www.instagram.com/p/BehrQ9SlNat/?taken-by=sakuuraan,72
BepiSv6lgXk,sakuuraan,http://www.instagram.com/p/BepiSv6lgXk/?taken-by=sakuuraan,76
BeAKgQigY-7,chika_15908,http://www.instagram.com/p/BeAKgQigY-7/?taken-by=chika_15908,
BeA-6VIgihP,chika_15908,http://www.instagram.com/p/BeA-6VIgihP/?taken-by=chika_15908,
BePBDv8A69V,chika_15908,http://www.instagram.com/p/BePBDv8A69V/?taken-by=chika_15908,15
BedaOYRA6xs,chika_15908,http://www.instagram.com/p/BedaOYRA6xs/?taken-by=chika_15908,
BefdgtTAomf,chika_15908,http://www.instagram.com/p/BefdgtTAomf/?taken-by=chika_15908,
Bek4ejOAeSe,chika_15908,http://www.instagram.com/p/Bek4ejOAeSe/?taken-by=chika_15908,
Be_384iggB7,chika_15908,http://www.instagram.com/p/Be_384iggB7/?taken-by=chika_15908,
Be_4XhVgi1n,chika_15908,http://www.instagram.com/p/Be_4XhVgi1n/?taken-by=chika_15908,14
BfBV-w5gb2n,chika_15908,http://www.instagram.com/p/BfBV-w5gb2n/?taken-by=chika_15908,12
BfUWM4PgAkF,chika_15908,http://www.instagram.com/p/BfUWM4PgAkF/?taken-by=chika_15908,17
BfkySbmgzse,chika_15908,http://www.instagram.com/p/BfkySbmgzse/?taken-by=chika_15908,
BfdAF0UFE_L,m__m2525,http://www.instagram.com/p/BfdAF0UFE_L/?taken-by=m__m2525,225
Bc4QEvSlU7b,m__m2525,http://www.instagram.com/p/Bc4QEvSlU7b/?taken-by=m__m2525,181
BdIB-RJFHRJ,m__m2525,http://www.instagram.com/p/BdIB-RJFHRJ/?taken-by=m__m2525,199
BdW5QMKl5ql,m__m2525,http://www.instagram.com/p/BdW5QMKl5ql/?taken-by=m__m2525,185
BdnLSCilf65,m__m2525,http://www.instagram.com/p/BdnLSCilf65/?taken-by=m__m2525,154
BdrosJble37,m__m2525,http://www.instagram.com/p/BdrosJble37/?taken-by=m__m2525,221
Bdzd91HFvUJ,m__m2525,http://www.instagram.com/p/Bdzd91HFvUJ/?taken-by=m__m2525,225
BerbbT7lsW0,m__m2525,http://www.instagram.com/p/BerbbT7lsW0/?taken-by=m__m2525,193
Be8BnbElDRe,m__m2525,http://www.instagram.com/p/Be8BnbElDRe/?taken-by=m__m2525,192
Be-X5sblxRN,m__m2525,http://www.instagram.com/p/Be-X5sblxRN/?taken-by=m__m2525,215
BfBGe_qlQhq,m__m2525,http://www.instagram.com/p/BfBGe_qlQhq/?taken-by=m__m2525,236
BfQdw08FLUV,m__m2525,http://www.instagram.com/p/BfQdw08FLUV/?taken-by=m__m2525,166
BfVpMLkh_JA,mi_saya,http://www.instagram.com/p/BfVpMLkh_JA/?taken-by=mi_saya,24
BdoAXgVjp3F,mi_saya,http://www.instagram.com/p/BdoAXgVjp3F/?taken-by=mi_saya,56
Bdqi5KXDIlC,mi_saya,http://www.instagram.com/p/Bdqi5KXDIlC/?taken-by=mi_saya,34
Bd5ZkkQDfCB,mi_saya,http://www.instagram.com/p/Bd5ZkkQDfCB/?taken-by=mi_saya,55
BeDrgM1DH6p,mi_saya,http://www.instagram.com/p/BeDrgM1DH6p/?taken-by=mi_saya,53
BeLPrHLDSL6,mi_saya,http://www.instagram.com/p/BeLPrHLDSL6/?taken-by=mi_saya,31
BeQF02ADvgG,mi_saya,http://www.instagram.com/p/BeQF02ADvgG/?taken-by=mi_saya,33
BefyErtBuZK,mi_saya,http://www.instagram.com/p/BefyErtBuZK/?taken-by=mi_saya,46
BeigJsihQmB,mi_saya,http://www.instagram.com/p/BeigJsihQmB/?taken-by=mi_saya,33
BfBeFfjhISQ,mi_saya,http://www.instagram.com/p/BfBeFfjhISQ/?taken-by=mi_saya,39
BfGfiTgB-N5,mi_saya,http://www.instagram.com/p/BfGfiTgB-N5/?taken-by=mi_saya,46
BfN2FwOh7hQ,mi_saya,http://www.instagram.com/p/BfN2FwOh7hQ/?taken-by=mi_saya,24
